member_id,start_node,end_node,group,type
105,1,5,_EXTERNAL-W1,ST HE400A
108,2,7,_EXTERNAL-W1,ST HE400A
123,1001,1005,,ST HE400A
126,1002,1007,,ST HE400A
143,3,10,_EXTERNAL-LL _EXTERNAL-W1,ST HE400A
146,4,12,_EXTERNAL-LL _EXTERNAL-W1,ST HE400A
161,1003,1010,_EXTERNAL-LR,ST HE400A
164,1004,1012,_EXTERNAL-LR,ST HE400A
165,5,6,_EXTERNAL-W1,ST 323.9X6.3CHS
166,6,7,_EXTERNAL-W1,ST 323.9X6.3CHS
177,1005,1006,,ST 323.9X6.3CHS
178,1006,1007,,ST 323.9X6.3CHS
179,5,8,_EXTERNAL-LL _EXTERNAL-W1,ST 323.9X6.3CHS
180,7,9,_EXTERNAL-LL _EXTERNAL-W1,ST 323.9X6.3CHS
185,1005,1008,_EXTERNAL-LR,ST 323.9X6.3CHS
186,1007,1009,_EXTERNAL-LR,ST 323.9X6.3CHS
187,8,10,_EXTERNAL-LL _EXTERNAL-W1,ST 323.9X6.3CHS
188,9,12,_EXTERNAL-LL _EXTERNAL-W1,ST 323.9X6.3CHS
193,1008,1010,_EXTERNAL-LR,ST 323.9X6.3CHS
194,1009,1012,_EXTERNAL-LR,ST 323.9X6.3CHS
195,10,11,_EXTERNAL-LL _EXTERNAL-W1,ST 323.9X6.3CHS
196,11,12,_EXTERNAL-LL _EXTERNAL-W1,ST 323.9X6.3CHS
207,1010,1011,_EXTERNAL-LR,ST 323.9X6.3CHS
208,1011,1012,_EXTERNAL-LR,ST 323.9X6.3CHS
209,5,13,_EXTERNAL-W1,ST HE400A
212,7,15,_EXTERNAL-W1,ST HE400A
227,1005,1013,,ST HE400A
230,1007,1015,,ST HE400A
231,5,16,_EXTERNAL-LL _EXTERNAL-W1,ST 244.5X6.3CHS
232,7,17,_EXTERNAL-LL _EXTERNAL-W1,ST 244.5X6.3CHS
237,1005,1016,_EXTERNAL-LR,ST 244.5X6.3CHS
238,1007,1017,_EXTERNAL-LR,ST 244.5X6.3CHS
239,10,16,_EXTERNAL-LL _EXTERNAL-W1,ST 244.5X6.3CHS
240,12,17,_EXTERNAL-LL _EXTERNAL-W1,ST 244.5X6.3CHS
245,1010,1016,_EXTERNAL-LR,ST 244.5X6.3CHS
246,1012,1017,_EXTERNAL-LR,ST 244.5X6.3CHS
247,10,18,_EXTERNAL-LL _EXTERNAL-W1,ST HE400A
250,12,20,_EXTERNAL-LL _EXTERNAL-W1,ST HE400A
265,1010,1018,_EXTERNAL-LR,ST HE400A
268,1012,1020,_EXTERNAL-LR,ST HE400A
269,13,14,_EXTERNAL-W1,ST 273X6.3CHS
270,14,15,_EXTERNAL-W1,ST 273X6.3CHS
281,1013,1014,,ST 273X6.3CHS
282,1014,1015,,ST 273X6.3CHS
283,13,16,_EXTERNAL-LL _EXTERNAL-W1,ST 273X6.3CHS
284,15,17,_EXTERNAL-LL _EXTERNAL-W1,ST 273X6.3CHS
289,1013,1016,_EXTERNAL-LR,ST 273X6.3CHS
290,1015,1017,_EXTERNAL-LR,ST 273X6.3CHS
291,16,18,_EXTERNAL-LL _EXTERNAL-W1,ST 273X6.3CHS
292,17,20,_EXTERNAL-LL _EXTERNAL-W1,ST 273X6.3CHS
297,1016,1018,_EXTERNAL-LR,ST 273X6.3CHS
298,1017,1020,_EXTERNAL-LR,ST 273X6.3CHS
299,18,19,_EXTERNAL-LL _EXTERNAL-W1,ST 273X6.3CHS
300,19,20,_EXTERNAL-LL _EXTERNAL-W1,ST 273X6.3CHS
311,1018,1019,_EXTERNAL-LR,ST 273X6.3CHS
312,1019,1020,_EXTERNAL-LR,ST 273X6.3CHS
313,13,21,_EXTERNAL-W1,ST HE320A
314,15,22,_EXTERNAL-W1,ST HE320A
319,1013,1021,,ST HE320A
320,1015,1022,,ST HE320A
321,18,23,_EXTERNAL-LL _EXTERNAL-W1,ST HE320A
322,20,24,_EXTERNAL-LL _EXTERNAL-W1,ST HE320A
327,1018,1023,_EXTERNAL-LR,ST HE320A
328,1020,1024,_EXTERNAL-LR,ST HE320A
329,13,58,_EXTERNAL-W1,ST 273X6.3CHS
330,15,58,_EXTERNAL-W1,ST 273X6.3CHS
341,1013,1057,,ST 273X6.3CHS
342,1015,1057,,ST 273X6.3CHS
343,13,93,_EXTERNAL-LL _EXTERNAL-W1,ST 244.5X6.3CHS
344,15,98,_EXTERNAL-LL _EXTERNAL-W1,ST 244.5X6.3CHS
349,1013,1092,_EXTERNAL-LR,ST 244.5X6.3CHS
350,1015,1097,_EXTERNAL-LR,ST 244.5X6.3CHS
351,18,93,_EXTERNAL-LL _EXTERNAL-W1,ST 244.5X6.3CHS
352,20,98,_EXTERNAL-LL _EXTERNAL-W1,ST 244.5X6.3CHS
357,1018,1092,_EXTERNAL-LR,ST 244.5X6.3CHS
358,1020,1097,_EXTERNAL-LR,ST 244.5X6.3CHS
359,18,128,_EXTERNAL-LL _EXTERNAL-W1,ST 273X6.3CHS
360,20,128,_EXTERNAL-LL _EXTERNAL-W1,ST 273X6.3CHS
371,1018,1127,_EXTERNAL-LR,ST 273X6.3CHS
372,1020,1127,_EXTERNAL-LR,ST 273X6.3CHS
373,21,26,_EXTERNAL-W1,ST IPE180
374,22,39,_EXTERNAL-W1,ST IPE180
379,1021,1025,,ST IPE180
380,1022,1038,,ST IPE180
381,21,46,,ST IPE180
382,21,47,_EXTERNAL-W1,ST HE320A
383,22,69,_EXTERNAL-W1,ST HE320A
388,1021,1046,,ST HE320A
389,1022,1068,,ST HE320A
390,1022,1069,,ST IPE180
391,23,121,_EXTERNAL-LL,ST IPE180
392,23,122,_EXTERNAL-LL _EXTERNAL-W1,ST HE320A
393,24,134,_EXTERNAL-LL _EXTERNAL-W1,ST HE320A
398,1023,1121,_EXTERNAL-LR,ST HE320A
399,1024,1133,_EXTERNAL-LR,ST HE320A
400,1024,1134,_EXTERNAL-LR,ST IPE180
401,25,26,,ST IPE360
402,26,27,_EXTERNAL-W1,ST IPE360
403,27,28,_EXTERNAL-W1,ST IPE360
404,28,29,_EXTERNAL-W1,ST IPE360
405,29,30,_EXTERNAL-W1,ST IPE360
406,30,31,_EXTERNAL-W1,ST IPE360
407,31,32,_EXTERNAL-W1,ST IPE360
408,32,33,_EXTERNAL-W1,ST IPE360
409,33,34,_EXTERNAL-W1,ST IPE360
410,34,35,_EXTERNAL-W1,ST IPE360
411,35,36,_EXTERNAL-W1,ST IPE360
412,36,37,_EXTERNAL-W1,ST IPE360
413,37,38,_EXTERNAL-W1,ST IPE360
414,38,39,_EXTERNAL-W1,ST IPE360
480,1025,1026,,ST IPE360
481,1026,1027,,ST IPE360
482,1027,1028,,ST IPE360
483,1028,1029,,ST IPE360
484,1029,1030,,ST IPE360
485,1030,1031,,ST IPE360
486,1031,1032,,ST IPE360
487,1032,1033,,ST IPE360
488,1033,1034,,ST IPE360
489,1034,1035,,ST IPE360
490,1036,1035,,ST IPE360
491,1037,1036,,ST IPE360
492,1038,1037,,ST IPE360
493,1039,1038,,ST IPE360
494,25,40,,ST IPE220
495,26,41,,ST IPE360
496,29,42,_EXTERNAL-W1,ST IPE180
497,32,43,_EXTERNAL-W1,ST IPE180
498,33,44,_EXTERNAL-W1,ST IPE180
499,36,45,_EXTERNAL-W1,ST IPE180
520,1028,1040,,ST IPE180
521,1031,1041,,ST IPE180
522,1032,1042,,ST IPE180
523,1035,1043,,ST IPE180
524,1038,1044,,ST IPE360
525,1039,1045,,ST IPE220
526,25,47,,ST IPE200
527,27,48,_EXTERNAL-W1,ST IPE180
528,28,50,_EXTERNAL-W1,ST IPE180
529,30,53,_EXTERNAL-W1,ST IPE180
530,31,54,_EXTERNAL-W1,ST IPE180
531,34,62,_EXTERNAL-W1,ST IPE180
532,35,63,_EXTERNAL-W1,ST IPE180
533,37,66,_EXTERNAL-W1,ST IPE180
534,38,68,_EXTERNAL-W1,ST IPE180
535,39,69,_EXTERNAL-W1,ST IPE360
580,1025,1046,,ST IPE360
581,1026,1047,,ST IPE180
582,1027,1049,,ST IPE180
583,1029,1052,,ST IPE180
584,1030,1053,,ST IPE180
585,1033,1061,,ST IPE180
586,1034,1062,,ST IPE180
587,1036,1065,,ST IPE180
588,1037,1067,,ST IPE180
589,1039,1068,,ST IPE200
590,40,46,,ST IPE220
591,41,47,,ST IPE360
592,42,51,_EXTERNAL-W1,ST IPE200
593,43,57,_EXTERNAL-W1,ST IPE200
594,44,59,_EXTERNAL-W1,ST IPE200
595,45,65,_EXTERNAL-W1,ST IPE200
616,1040,1050,,ST IPE200
617,1041,1056,,ST IPE200
618,1042,1058,,ST IPE200
619,1043,1064,,ST IPE200
620,1044,1068,,ST IPE360
621,1045,1069,,ST IPE220
622,46,47,,ST IPE180
623,47,48,_EXTERNAL-W1,ST HE280A
624,48,49,_EXTERNAL-W1,ST HE280A
625,49,50,_EXTERNAL-W1,ST HE280A
626,50,51,_EXTERNAL-W1,ST HE280A
627,51,52,_EXTERNAL-W1,ST HE280A
628,52,53,_EXTERNAL-W1,ST HE280A
629,53,54,_EXTERNAL-W1,ST HE280A
630,54,55,_EXTERNAL-W1,ST HE280A
631,55,56,_EXTERNAL-W1,ST HE280A
632,56,57,_EXTERNAL-W1,ST HE280A
633,57,58,_EXTERNAL-W1,ST HE280A
634,58,59,_EXTERNAL-W1,ST HE280A
635,59,60,_EXTERNAL-W1,ST HE280A
636,60,61,_EXTERNAL-W1,ST HE280A
637,61,62,_EXTERNAL-W1,ST HE280A
638,62,63,_EXTERNAL-W1,ST HE280A
639,63,64,_EXTERNAL-W1,ST HE280A
640,64,65,_EXTERNAL-W1,ST HE280A
641,65,66,_EXTERNAL-W1,ST HE280A
642,66,67,_EXTERNAL-W1,ST HE280A
643,67,68,_EXTERNAL-W1,ST HE280A
644,68,69,_EXTERNAL-W1,ST HE280A
755,1046,1047,,ST HE280A
756,1047,1048,,ST HE280A
757,1048,1049,,ST HE280A
758,1049,1050,,ST HE280A
759,1050,1051,,ST HE280A
760,1051,1052,,ST HE280A
761,1052,1053,,ST HE280A
762,1053,1054,,ST HE280A
763,1054,1055,,ST HE280A
764,1055,1056,,ST HE280A
765,1056,1057,,ST HE280A
766,1057,1058,,ST HE280A
767,1058,1059,,ST HE280A
768,1059,1060,,ST HE280A
769,1060,1061,,ST HE280A
770,1061,1062,,ST HE280A
771,1062,1063,,ST HE280A
772,1063,1064,,ST HE280A
773,1064,1065,,ST HE280A
774,1065,1066,,ST HE280A
775,1066,1067,,ST HE280A
776,1067,1068,,ST HE280A
777,1069,1068,,ST IPE180
778,70,55,_EXTERNAL-LL _EXTERNAL-W1,ST IPE240
779,58,71,_EXTERNAL-LL _EXTERNAL-W1,ST IPE180
780,61,72,_EXTERNAL-LL _EXTERNAL-W1,ST IPE240
796,1070,1054,_EXTERNAL-LR,ST IPE240
797,1057,1071,_EXTERNAL-LR,ST IPE180
798,1060,1072,_EXTERNAL-LR,ST IPE240
799,47,74,_EXTERNAL-LL,ST HE220A
800,74,49,_EXTERNAL-LL _EXTERNAL-W1,ST IPE160
801,67,75,_EXTERNAL-LL _EXTERNAL-W1,ST IPE160
802,69,75,_EXTERNAL-LL _EXTERNAL-W1,ST HE220A
817,1046,1074,_EXTERNAL-LR,ST HE220A
818,1074,1048,_EXTERNAL-LR,ST IPE160
819,1066,1075,_EXTERNAL-LR,ST IPE160
821,76,52,_EXTERNAL-LL _EXTERNAL-W1,ST IPE180
822,64,77,_EXTERNAL-LL _EXTERNAL-W1,ST IPE180
833,1076,1051,_EXTERNAL-LR,ST IPE180
834,1063,1077,_EXTERNAL-LR,ST IPE180
835,70,71,_EXTERNAL-LL _EXTERNAL-W1,ST IPE180
836,71,72,_EXTERNAL-LL _EXTERNAL-W1,ST IPE180
847,1070,1071,_EXTERNAL-LR,ST IPE180
848,1071,1072,_EXTERNAL-LR,ST IPE180
849,46,78,_EXTERNAL-LL,ST IPE220
850,46,79,_EXTERNAL-LL,ST IPE200
851,1069,1078,_EXTERNAL-LR,ST IPE200
852,1069,1079,_EXTERNAL-LR,ST IPE220
853,71,73,_EXTERNAL-LL _EXTERNAL-W1,ST L100X100X8
859,1071,1073,_EXTERNAL-LR,ST L100X100X8
860,80,70,_EXTERNAL-LL _EXTERNAL-W1,ST IPE240
861,72,81,_EXTERNAL-LL _EXTERNAL-W1,ST IPE240
872,1080,1070,_EXTERNAL-LR,ST IPE240
873,1072,1081,_EXTERNAL-LR,ST IPE240
874,74,79,_EXTERNAL-LL,ST HE220A
875,78,79,_EXTERNAL-LL,ST IPE180
876,1079,1078,_EXTERNAL-LR,ST IPE180
877,76,80,_EXTERNAL-LL _EXTERNAL-W1,ST IPE160
878,81,77,_EXTERNAL-LL _EXTERNAL-W1,ST IPE160
889,1076,1080,_EXTERNAL-LR,ST IPE160
890,1081,1077,_EXTERNAL-LR,ST IPE160
891,75,85,_EXTERNAL-LL _EXTERNAL-W1,ST HE220A
896,1074,1084,_EXTERNAL-LR,ST HE220A
898,84,76,_EXTERNAL-LL _EXTERNAL-W1,ST IPE180
899,77,85,_EXTERNAL-LL _EXTERNAL-W1,ST IPE180
910,1084,1076,_EXTERNAL-LR,ST IPE180
911,1077,1085,_EXTERNAL-LR,ST IPE180
912,79,84,_EXTERNAL-LL,ST HE220A
913,80,82,_EXTERNAL-LL _EXTERNAL-W1,ST L100X100X8
914,81,83,_EXTERNAL-LL _EXTERNAL-W1,ST L100X100X8
925,1080,1082,_EXTERNAL-LR,ST L100X100X8
926,1081,1083,_EXTERNAL-LR,ST L100X100X8
927,78,88,_EXTERNAL-LL,ST IPE220
928,79,88,_EXTERNAL-LL,ST IPE200
929,1078,1089,_EXTERNAL-LR,ST IPE200
930,1079,1089,_EXTERNAL-LR,ST IPE220
931,86,80,_EXTERNAL-LL _EXTERNAL-W1,ST IPE240
932,81,87,_EXTERNAL-LL _EXTERNAL-W1,ST IPE240
943,1086,1080,_EXTERNAL-LR,ST IPE240
944,1081,1087,_EXTERNAL-LR,ST IPE240
945,84,89,_EXTERNAL-LL,ST HE220A
946,85,91,_EXTERNAL-LL _EXTERNAL-W1,ST HE220A
951,1084,1090,_EXTERNAL-LR,ST HE220A
953,88,89,_EXTERNAL-LL,ST IPE180
954,1089,1088,_EXTERNAL-LR,ST IPE180
955,90,86,_EXTERNAL-LL _EXTERNAL-W1,ST IPE240
956,87,91,_EXTERNAL-LL _EXTERNAL-W1,ST IPE240
962,1087,1091,_EXTERNAL-LR,ST IPE240
963,89,90,_EXTERNAL-LL,ST HE220A
964,86,94,_EXTERNAL-LL _EXTERNAL-W1,ST IPE180
965,87,97,_EXTERNAL-LL _EXTERNAL-W1,ST IPE180
976,1086,1093,_EXTERNAL-LR,ST IPE180
977,1087,1096,_EXTERNAL-LR,ST IPE180
978,88,92,_EXTERNAL-LL,ST IPE220
979,88,93,_EXTERNAL-LL,ST IPE200
980,1089,1097,_EXTERNAL-LR,ST IPE200
981,1089,1098,_EXTERNAL-LR,ST IPE220
982,90,93,_EXTERNAL-LL,ST HE220A
983,91,98,_EXTERNAL-LL _EXTERNAL-W1,ST HE220A
988,1090,1092,_EXTERNAL-LR,ST HE220A
990,92,93,_EXTERNAL-LL,ST IPE180
991,93,94,_EXTERNAL-LL _EXTERNAL-W1,ST IPE180
992,94,95,_EXTERNAL-LL _EXTERNAL-W1,ST L100X100X8
993,97,96,_EXTERNAL-LL _EXTERNAL-W1,ST L100X100X8
994,97,98,_EXTERNAL-LL _EXTERNAL-W1,ST IPE180
1010,1093,1094,_EXTERNAL-LR,ST L100X100X8
1011,1096,1095,_EXTERNAL-LR,ST L100X100X8
1012,1096,1097,_EXTERNAL-LR,ST IPE180
1013,1098,1097,_EXTERNAL-LR,ST IPE180
1014,93,99,_EXTERNAL-LL,ST HE220A
1015,98,100,_EXTERNAL-LL _EXTERNAL-W1,ST HE220A
1020,1092,1099,_EXTERNAL-LR,ST HE220A
1022,92,101,_EXTERNAL-LL,ST IPE220
1023,93,101,_EXTERNAL-LL,ST IPE200
1024,1097,1102,_EXTERNAL-LR,ST IPE200
1025,1098,1102,_EXTERNAL-LR,ST IPE220
1026,94,103,_EXTERNAL-LL _EXTERNAL-W1,ST IPE180
1027,97,104,_EXTERNAL-LL _EXTERNAL-W1,ST IPE180
1038,1093,1103,_EXTERNAL-LR,ST IPE180
1039,1096,1104,_EXTERNAL-LR,ST IPE180
1040,99,102,_EXTERNAL-LL,ST HE220A
1041,99,103,_EXTERNAL-LL _EXTERNAL-W1,ST IPE240
1042,104,100,_EXTERNAL-LL _EXTERNAL-W1,ST IPE240
1048,1104,1100,_EXTERNAL-LR,ST IPE240
1049,101,102,_EXTERNAL-LL,ST IPE180
1050,1102,1101,_EXTERNAL-LR,ST IPE180
1051,100,106,_EXTERNAL-LL _EXTERNAL-W1,ST HE220A
1056,1099,1105,_EXTERNAL-LR,ST HE220A
1058,102,105,_EXTERNAL-LL,ST HE220A
1059,103,109,_EXTERNAL-LL _EXTERNAL-W1,ST IPE240
1060,110,104,_EXTERNAL-LL _EXTERNAL-W1,ST IPE240
1071,1103,1109,_EXTERNAL-LR,ST IPE240
1072,1110,1104,_EXTERNAL-LR,ST IPE240
1073,101,111,_EXTERNAL-LL,ST IPE220
1074,101,112,_EXTERNAL-LL,ST IPE200
1075,1102,1111,_EXTERNAL-LR,ST IPE200
1076,1102,1112,_EXTERNAL-LR,ST IPE220
1077,109,107,_EXTERNAL-LL _EXTERNAL-W1,ST L100X100X8
1078,110,108,_EXTERNAL-LL _EXTERNAL-W1,ST L100X100X8
1089,1109,1107,_EXTERNAL-LR,ST L100X100X8
1090,1110,1108,_EXTERNAL-LR,ST L100X100X8
1091,105,112,_EXTERNAL-LL,ST HE220A
1092,105,113,_EXTERNAL-LL _EXTERNAL-W1,ST IPE180
1093,114,106,_EXTERNAL-LL _EXTERNAL-W1,ST IPE180
1104,1105,1113,_EXTERNAL-LR,ST IPE180
1105,1114,1106,_EXTERNAL-LR,ST IPE180
1106,106,116,_EXTERNAL-LL _EXTERNAL-W1,ST HE220A
1111,1105,1115,_EXTERNAL-LR,ST HE220A
1113,113,109,_EXTERNAL-LL _EXTERNAL-W1,ST IPE160
1114,110,114,_EXTERNAL-LL _EXTERNAL-W1,ST IPE160
1125,1113,1109,_EXTERNAL-LR,ST IPE160
1126,1110,1114,_EXTERNAL-LR,ST IPE160
1127,111,112,_EXTERNAL-LL,ST IPE180
1128,1112,1111,_EXTERNAL-LR,ST IPE180
1129,112,115,_EXTERNAL-LL,ST HE220A
1130,109,118,_EXTERNAL-LL _EXTERNAL-W1,ST IPE240
1131,120,110,_EXTERNAL-LL _EXTERNAL-W1,ST IPE240
1142,1109,1118,_EXTERNAL-LR,ST IPE240
1143,1120,1110,_EXTERNAL-LR,ST IPE240
1144,119,117,_EXTERNAL-LL _EXTERNAL-W1,ST L100X100X8
1150,1119,1117,_EXTERNAL-LR,ST L100X100X8
1151,111,121,_EXTERNAL-LL,ST IPE220
1152,112,121,_EXTERNAL-LL,ST IPE200
1153,1111,1134,_EXTERNAL-LR,ST IPE200
1154,1112,1134,_EXTERNAL-LR,ST IPE220
1155,118,119,_EXTERNAL-LL _EXTERNAL-W1,ST IPE180
1156,119,120,_EXTERNAL-LL _EXTERNAL-W1,ST IPE180
1167,1118,1119,_EXTERNAL-LR,ST IPE180
1168,1119,1120,_EXTERNAL-LR,ST IPE180
1169,113,124,_EXTERNAL-LL _EXTERNAL-W1,ST IPE180
1170,132,114,_EXTERNAL-LL _EXTERNAL-W1,ST IPE180
1181,1113,1123,_EXTERNAL-LR,ST IPE180
1182,1131,1114,_EXTERNAL-LR,ST IPE180
1183,115,122,_EXTERNAL-LL,ST HE220A
1184,115,123,_EXTERNAL-LL _EXTERNAL-W1,ST IPE160
1185,133,116,_EXTERNAL-LL _EXTERNAL-W1,ST IPE160
1186,116,134,_EXTERNAL-LL _EXTERNAL-W1,ST HE220A
1201,1115,1121,_EXTERNAL-LR,ST HE220A
1202,1115,1122,_EXTERNAL-LR,ST IPE160
1203,1132,1116,_EXTERNAL-LR,ST IPE160
1205,118,125,_EXTERNAL-LL _EXTERNAL-W1,ST IPE240
1206,119,128,_EXTERNAL-LL _EXTERNAL-W1,ST IPE180
1207,131,120,_EXTERNAL-LL _EXTERNAL-W1,ST IPE240
1223,1118,1124,_EXTERNAL-LR,ST IPE240
1224,1119,1127,_EXTERNAL-LR,ST IPE180
1225,1130,1120,_EXTERNAL-LR,ST IPE240
1226,121,122,_EXTERNAL-LL,ST IPE180
1227,122,123,_EXTERNAL-LL _EXTERNAL-W1,ST HE280A
1228,123,124,_EXTERNAL-LL _EXTERNAL-W1,ST HE280A
1229,124,125,_EXTERNAL-LL _EXTERNAL-W1,ST HE280A
1230,125,126,_EXTERNAL-LL _EXTERNAL-W1,ST HE280A
1231,126,127,_EXTERNAL-LL _EXTERNAL-W1,ST HE280A
1232,127,128,_EXTERNAL-LL _EXTERNAL-W1,ST HE280A
1233,128,129,_EXTERNAL-LL _EXTERNAL-W1,ST HE280A
1234,129,130,_EXTERNAL-LL _EXTERNAL-W1,ST HE280A
1235,130,131,_EXTERNAL-LL _EXTERNAL-W1,ST HE280A
1236,131,132,_EXTERNAL-LL _EXTERNAL-W1,ST HE280A
1237,132,133,_EXTERNAL-LL _EXTERNAL-W1,ST HE280A
1238,133,134,_EXTERNAL-LL _EXTERNAL-W1,ST HE280A
1299,1121,1122,_EXTERNAL-LR,ST HE280A
1300,1122,1123,_EXTERNAL-LR,ST HE280A
1301,1123,1124,_EXTERNAL-LR,ST HE280A
1302,1124,1125,_EXTERNAL-LR,ST HE280A
1303,1125,1126,_EXTERNAL-LR,ST HE280A
1304,1126,1127,_EXTERNAL-LR,ST HE280A
1305,1127,1128,_EXTERNAL-LR,ST HE280A
1306,1128,1129,_EXTERNAL-LR,ST HE280A
1307,1129,1130,_EXTERNAL-LR,ST HE280A
1308,1130,1131,_EXTERNAL-LR,ST HE280A
1309,1131,1132,_EXTERNAL-LR,ST HE280A
1310,1132,1133,_EXTERNAL-LR,ST HE280A
1311,1134,1133,_EXTERNAL-LR,ST IPE180
1312,56,144,_MOTOR_BRIDGE _EXTERNAL-W1,ST HE200A
1313,60,145,_MOTOR_BRIDGE _EXTERNAL-W1,ST HE200A
1326,93,152,_STAB_MOTOR _EXTERNAL-LL _EXTERNAL-W1,ST 139.7X6.3CHS
1327,153,98,_STAB_MOTOR _EXTERNAL-LL _EXTERNAL-W1,ST 139.7X6.3CHS
1338,1092,1152,_STAB_MOTOR _EXTERNAL-LR,ST 139.7X6.3CHS
1339,1153,1097,_STAB_MOTOR _EXTERNAL-LR,ST 139.7X6.3CHS
1340,93,158,_STAB_MOTOR _EXTERNAL-LL _EXTERNAL-W1,ST 139.7X6.3CHS
1341,159,98,_STAB_MOTOR _EXTERNAL-LL _EXTERNAL-W1,ST 139.7X6.3CHS
1352,1092,1158,_STAB_MOTOR _EXTERNAL-LR,ST 139.7X6.3CHS
1353,1159,1097,_STAB_MOTOR _EXTERNAL-LR,ST 139.7X6.3CHS
1354,126,166,_MOTOR_BRIDGE _EXTERNAL-LL _EXTERNAL-W1,ST HE200A
1355,130,167,_MOTOR_BRIDGE _EXTERNAL-LL _EXTERNAL-W1,ST HE200A
1368,135,136,_MOTOR_BRIDGE _EXTERNAL-LL _EXTERNAL-W1,ST L200X200X20
1369,136,137,_MOTOR_BRIDGE _EXTERNAL-LL _EXTERNAL-W1,ST L200X200X20
1370,137,138,_MOTOR_BRIDGE _EXTERNAL-LL _EXTERNAL-W1,ST L200X200X20
1389,136,139,_MOTOR_BRIDGE _EXTERNAL-LL _EXTERNAL-W1,ST IPE270
1390,139,137,_MOTOR_BRIDGE _EXTERNAL-LL _EXTERNAL-W1,ST IPE270
1403,136,141,_MOTOR_BRIDGE _EXTERNAL-LL _EXTERNAL-W1,ST IPE270
1404,137,142,_MOTOR_BRIDGE _EXTERNAL-LL _EXTERNAL-W1,ST IPE270
1417,141,139,_MOTOR_BRIDGE _EXTERNAL-LL _EXTERNAL-W1,ST IPE270
1418,139,142,_MOTOR_BRIDGE _EXTERNAL-LL _EXTERNAL-W1,ST IPE270
1431,140,141,_MOTOR_BRIDGE _EXTERNAL-LL _EXTERNAL-W1,ST L200X200X20
1432,141,142,_MOTOR_BRIDGE _EXTERNAL-LL _EXTERNAL-W1,ST L200X200X20
1433,142,143,_MOTOR_BRIDGE _EXTERNAL-LL _EXTERNAL-W1,ST L200X200X20
1452,154,135,_MOTOR_BRIDGE _EXTERNAL-LL _EXTERNAL-W1,ST HE200A
1453,155,138,_MOTOR_BRIDGE _EXTERNAL-LL _EXTERNAL-W1,ST HE200A
1466,156,140,_MOTOR_BRIDGE _EXTERNAL-LL _EXTERNAL-W1,ST HE200A
1467,157,143,_MOTOR_BRIDGE _EXTERNAL-LL _EXTERNAL-W1,ST HE200A
1480,47,168,_EXTERNAL-W1,ST HE260A
1481,69,169,_EXTERNAL-W1,ST HE260A
1492,1046,1168,,ST HE260A
1493,1068,1169,,ST HE260A
1494,93,170,_EXTERNAL-LL _EXTERNAL-W1,ST HE220A
1495,98,171,_EXTERNAL-LL _EXTERNAL-W1,ST HE220A
1506,1092,1170,_EXTERNAL-LR,ST HE220A
1507,1097,1171,_EXTERNAL-LR,ST HE220A
1508,122,172,_EXTERNAL-LL _EXTERNAL-W1,ST HE260A
1509,134,173,_EXTERNAL-LL _EXTERNAL-W1,ST HE260A
1520,1121,1172,_EXTERNAL-LR,ST HE260A
1521,1133,1173,_EXTERNAL-LR,ST HE260A
1522,144,146,_MOTOR_BRIDGE _EXTERNAL-LL _EXTERNAL-W1,ST IPE450
1523,145,147,_MOTOR_BRIDGE _EXTERNAL-LL _EXTERNAL-W1,ST IPE450
1536,146,147,_MOTOR_BRIDGE _EXTERNAL-LL _EXTERNAL-W1,ST IPE180
1543,146,148,_MOTOR_BRIDGE _EXTERNAL-LL _EXTERNAL-W1,ST IPE450
1544,146,149,_MOTOR_BRIDGE _EXTERNAL-LL _EXTERNAL-W1,ST 114.3X5CHS
1545,147,149,_MOTOR_BRIDGE _EXTERNAL-LL _EXTERNAL-W1,ST IPE450
1564,148,149,_MOTOR_BRIDGE _EXTERNAL-LL _EXTERNAL-W1,ST IPE180
1571,148,150,_MOTOR_BRIDGE _EXTERNAL-LL _EXTERNAL-W1,ST IPE450
1572,149,150,_MOTOR_BRIDGE _EXTERNAL-LL _EXTERNAL-W1,ST 114.3X5CHS
1573,149,151,_MOTOR_BRIDGE _EXTERNAL-LL _EXTERNAL-W1,ST IPE450
1592,152,153,_MOTOR_BRIDGE _EXTERNAL-LL _EXTERNAL-W1,ST IPE180
1599,152,154,_MOTOR_BRIDGE _EXTERNAL-LL _EXTERNAL-W1,ST IPE450
1600,153,155,_MOTOR_BRIDGE _EXTERNAL-LL _EXTERNAL-W1,ST IPE450
1613,154,156,_MOTOR_BRIDGE _EXTERNAL-LL _EXTERNAL-W1,ST IPE450
1614,155,157,_MOTOR_BRIDGE _EXTERNAL-LL _EXTERNAL-W1,ST IPE450
1627,156,158,_MOTOR_BRIDGE _EXTERNAL-LL _EXTERNAL-W1,ST IPE450
1628,157,159,_MOTOR_BRIDGE _EXTERNAL-LL _EXTERNAL-W1,ST IPE450
1641,158,159,_MOTOR_BRIDGE _EXTERNAL-LL _EXTERNAL-W1,ST IPE180
1648,158,160,_MOTOR_BRIDGE _EXTERNAL-LL _EXTERNAL-W1,ST IPE450
1649,160,163,_MOTOR_BRIDGE _EXTERNAL-LL _EXTERNAL-W1,ST 114.3X5CHS
1650,159,161,_MOTOR_BRIDGE _EXTERNAL-LL _EXTERNAL-W1,ST IPE450
1669,162,163,_MOTOR_BRIDGE _EXTERNAL-LL _EXTERNAL-W1,ST IPE180
1676,162,164,_MOTOR_BRIDGE _EXTERNAL-LL _EXTERNAL-W1,ST IPE450
1677,163,164,_MOTOR_BRIDGE _EXTERNAL-LL _EXTERNAL-W1,ST 114.3X5CHS
1678,163,165,_MOTOR_BRIDGE _EXTERNAL-LL _EXTERNAL-W1,ST IPE450
1697,164,165,_MOTOR_BRIDGE _EXTERNAL-LL _EXTERNAL-W1,ST IPE180
1704,164,166,_MOTOR_BRIDGE _EXTERNAL-LL _EXTERNAL-W1,ST IPE450
1705,165,167,_MOTOR_BRIDGE _EXTERNAL-LL _EXTERNAL-W1,ST IPE450
1718,40,174,,ST UPE160
1719,41,175,,ST UPE160
1720,42,177,_EXTERNAL-W1,ST IPE200
1721,43,178,_EXTERNAL-W1,ST UPE160
1722,44,179,_EXTERNAL-W1,ST UPE160
1723,45,180,_EXTERNAL-W1,ST IPE200
1744,1040,1177,,ST IPE200
1745,1041,1178,,ST UPE160
1746,1042,1179,,ST UPE160
1747,1043,1180,,ST IPE200
1748,1044,1182,,ST UPE160
1749,1045,1183,,ST UPE160
1750,46,184,,ST IPE300
1751,1069,1186,,ST IPE300
1752,78,184,_EXTERNAL-LL,ST 101.6X4CHS
1753,1079,1186,_EXTERNAL-LR,ST 101.6X4CHS
1754,78,187,_EXTERNAL-LL,ST IPE300
1755,1079,1187,_EXTERNAL-LR,ST IPE300
1756,78,188,_EXTERNAL-LL,ST 101.6X4CHS
1757,1079,1188,_EXTERNAL-LR,ST 101.6X4CHS
1758,88,188,_EXTERNAL-LL,ST IPE300
1759,1089,1188,_EXTERNAL-LR,ST IPE300
1760,92,188,_EXTERNAL-LL,ST 101.6X4CHS
1761,1098,1188,_EXTERNAL-LR,ST 101.6X4CHS
1762,92,189,_EXTERNAL-LL,ST IPE300
1763,1098,1191,_EXTERNAL-LR,ST IPE300
1764,92,192,_EXTERNAL-LL,ST 101.6X4CHS
1765,1098,1192,_EXTERNAL-LR,ST 101.6X4CHS
1766,101,192,_EXTERNAL-LL,ST IPE300
1767,1102,1192,_EXTERNAL-LR,ST IPE300
1768,111,192,_EXTERNAL-LL,ST 101.6X4CHS
1769,1112,1192,_EXTERNAL-LR,ST 101.6X4CHS
1770,111,193,_EXTERNAL-LL,ST IPE300
1771,1112,1193,_EXTERNAL-LR,ST IPE300
1772,111,194,_EXTERNAL-LL,ST 101.6X4CHS
1773,1112,1198,_EXTERNAL-LR,ST 101.6X4CHS
1774,121,194,_EXTERNAL-LL,ST IPE300
1775,127,196,_EXTERNAL-LL _EXTERNAL-W1,ST UPE160
1776,129,197,_EXTERNAL-LL _EXTERNAL-W1,ST UPE160
1787,1126,1195,_EXTERNAL-LR,ST UPE160
1788,1128,1196,_EXTERNAL-LR,ST UPE160
1789,1134,1198,_EXTERNAL-LR,ST IPE300
1790,168,170,_EXTERNAL-LL _EXTERNAL-W1,ST PIPE OD 0.508 ID 0.496
1791,169,171,_EXTERNAL-LL _EXTERNAL-W1,ST PIPE OD 0.508 ID 0.496
1802,1168,1170,_EXTERNAL-LR,ST PIPE OD 0.508 ID 0.496
1803,1169,1171,_EXTERNAL-LR,ST PIPE OD 0.508 ID 0.496
1804,170,172,_EXTERNAL-LL _EXTERNAL-W1,ST PIPE OD 0.508 ID 0.496
1805,171,173,_EXTERNAL-LL _EXTERNAL-W1,ST PIPE OD 0.508 ID 0.496
1816,1170,1172,_EXTERNAL-LR,ST PIPE OD 0.508 ID 0.496
1817,1171,1173,_EXTERNAL-LR,ST PIPE OD 0.508 ID 0.496
1818,168,185,_EXTERNAL-W1,ST HE260A
1819,169,186,_EXTERNAL-W1,ST HE260A
1830,1168,1184,,ST HE260A
1831,1169,1185,,ST HE260A
1832,170,190,_EXTERNAL-LL _EXTERNAL-W1,ST HE220A
1833,171,191,_EXTERNAL-LL _EXTERNAL-W1,ST HE220A
1844,1170,1189,_EXTERNAL-LR,ST HE220A
1845,1171,1190,_EXTERNAL-LR,ST HE220A
1846,172,195,_EXTERNAL-LL _EXTERNAL-W1,ST HE260A
1847,173,198,_EXTERNAL-LL _EXTERNAL-W1,ST HE260A
1858,1172,1194,_EXTERNAL-LR,ST HE260A
1859,1173,1197,_EXTERNAL-LR,ST HE260A
1860,174,175,,ST IPE200
1861,175,176,,ST IPE200
1862,176,177,_EXTERNAL-W1,ST IPE200
1863,177,178,_EXTERNAL-W1,ST IPE200
1864,179,180,_EXTERNAL-W1,ST IPE200
1865,180,181,_EXTERNAL-W1,ST IPE200
1866,181,182,_WINDWALL2,ST IPE200
1867,182,183,,ST IPE200
1902,1174,1175,_WINDWALL1,ST IPE200
1903,1175,1176,_WINDWALL1,ST IPE200
1904,1176,1177,,ST IPE200
1905,1177,1178,,ST IPE200
1906,1179,1180,,ST IPE200
1907,1181,1180,,ST IPE200
1908,1182,1181,,ST IPE200
1909,1183,1182,,ST IPE200
1910,174,184,,ST IPE200
1911,176,185,_EXTERNAL-W1,ST IPE200
1912,181,186,,ST IPE200
1923,1176,1184,,ST IPE200
1924,1181,1185,,ST IPE200
1925,1183,1186,,ST IPE200
1926,184,187,_EXTERNAL-LL,ST UPE160
1927,1186,1187,_EXTERNAL-LR,ST UPE160
1928,187,188,_EXTERNAL-LL,ST UPE160
1929,1187,1188,_EXTERNAL-LR,ST UPE160
1930,188,189,_EXTERNAL-LL,ST UPE160
1931,1188,1191,_EXTERNAL-LR,ST UPE160
1932,189,192,_EXTERNAL-LL,ST UPE160
1933,1191,1192,_EXTERNAL-LR,ST UPE160
1934,192,193,_EXTERNAL-LL,ST UPE160
1935,1192,1193,_EXTERNAL-LR,ST UPE160
1936,193,194,_EXTERNAL-LL,ST UPE160
1937,1193,1198,_EXTERNAL-LR,ST UPE160
1938,195,196,_EXTERNAL-LL _EXTERNAL-W1,ST UPE160
1939,197,198,_EXTERNAL-LL _EXTERNAL-W1,ST UPE160
1950,1194,1195,_EXTERNAL-LR,ST UPE160
1951,1196,1197,_EXTERNAL-LR,ST UPE160
1952,178,199,_EXTERNAL-W1,ST UPE160
1953,179,200,_EXTERNAL-W1,ST UPE160
1964,1178,1199,,ST UPE160
1965,1179,1200,,ST UPE160
1966,196,201,_EXTERNAL-LL _EXTERNAL-W1,ST UPE160
1967,197,202,_EXTERNAL-LL _EXTERNAL-W1,ST UPE160
1978,1195,1201,_EXTERNAL-LR,ST UPE160
1979,1196,1202,_EXTERNAL-LR,ST UPE160
1980,177,205,_EXTERNAL-W1,ST IPE200
1981,180,208,_EXTERNAL-W1,ST IPE200
1982,182,210,_WINDWALL2,ST UPE160
2003,1175,1203,_WINDWALL1,ST UPE160
2004,1177,1205,,ST IPE200
2005,1180,1208,,ST IPE200
2006,184,211,,ST IPE300
2007,185,212,_EXTERNAL-W1,ST HE260A
2008,186,213,_EXTERNAL-W1,ST HE260A
2019,1184,1211,,ST HE260A
2020,1185,1212,,ST HE260A
2021,1186,1213,,ST IPE300
2022,187,214,_EXTERNAL-LL,ST IPE300
2023,1187,1214,_EXTERNAL-LR,ST IPE300
2024,47,243,_EXTERNAL-LL _EXTERNAL-W1,ST 168.3X6.3CHS
2025,69,247,_EXTERNAL-LL,ST 168.3X6.3CHS
2036,1046,1242,_EXTERNAL-LR,ST 168.3X6.3CHS
2037,1068,1246,_EXTERNAL-LR,ST 168.3X6.3CHS
2038,188,215,_EXTERNAL-LL,ST IPE300
2039,1188,1215,_EXTERNAL-LR,ST IPE300
2040,189,216,_EXTERNAL-LL,ST IPE300
2041,190,217,_EXTERNAL-LL _EXTERNAL-W1,ST HE220A
2042,191,218,_EXTERNAL-LL _EXTERNAL-W1,ST HE220A
2053,1189,1216,_EXTERNAL-LR,ST HE220A
2054,1190,1217,_EXTERNAL-LR,ST HE220A
2055,1191,1218,_EXTERNAL-LR,ST IPE300
2056,192,219,_EXTERNAL-LL,ST IPE300
2057,1192,1219,_EXTERNAL-LR,ST IPE300
2058,122,243,_EXTERNAL-LL _EXTERNAL-W1,ST 168.3X6.3CHS
2059,134,247,_EXTERNAL-LL,ST 168.3X6.3CHS
2070,1121,1242,_EXTERNAL-LR,ST 168.3X6.3CHS
2071,1133,1246,_EXTERNAL-LR,ST 168.3X6.3CHS
2072,193,220,_EXTERNAL-LL,ST IPE300
2073,1193,1220,_EXTERNAL-LR,ST IPE300
2074,194,220,_EXTERNAL-LL,ST 101.6X4CHS
2075,1198,1220,_EXTERNAL-LR,ST 101.6X4CHS
2076,194,221,_EXTERNAL-LL,ST IPE300
2077,195,222,_EXTERNAL-LL _EXTERNAL-W1,ST HE260A
2078,198,225,_EXTERNAL-LL _EXTERNAL-W1,ST HE260A
2089,1194,1221,_EXTERNAL-LR,ST HE260A
2090,1197,1224,_EXTERNAL-LR,ST HE260A
2091,1198,1225,_EXTERNAL-LR,ST IPE300
2092,152,243,_STAB_MOTOR _EXTERNAL-LL _EXTERNAL-W1,ST 139.7X6.3CHS
2093,153,247,_STAB_MOTOR _EXTERNAL-LL _EXTERNAL-W1,ST 139.7X6.3CHS
2104,1152,1242,_STAB_MOTOR _EXTERNAL-LR,ST 139.7X6.3CHS
2105,1153,1246,_STAB_MOTOR _EXTERNAL-LR,ST 139.7X6.3CHS
2106,158,243,_STAB_MOTOR _EXTERNAL-LL _EXTERNAL-W1,ST 139.7X6.3CHS
2107,159,247,_STAB_MOTOR _EXTERNAL-LL _EXTERNAL-W1,ST 139.7X6.3CHS
2118,1158,1242,_STAB_MOTOR _EXTERNAL-LR,ST 139.7X6.3CHS
2119,1159,1246,_STAB_MOTOR _EXTERNAL-LR,ST 139.7X6.3CHS
2120,199,200,_EXTERNAL-W1,ST UPE160
2126,1199,1200,,ST UPE160
2127,201,202,_EXTERNAL-LL _EXTERNAL-W1,ST UPE160
2133,1201,1202,_EXTERNAL-LR,ST UPE160
2134,199,206,_EXTERNAL-W1,ST UPE160
2135,200,207,_EXTERNAL-W1,ST UPE160
2146,1199,1206,,ST UPE160
2147,1200,1207,,ST UPE160
2148,201,223,_EXTERNAL-LL _EXTERNAL-W1,ST UPE160
2149,202,224,_EXTERNAL-LL _EXTERNAL-W1,ST UPE160
2160,1201,1222,_EXTERNAL-LR,ST UPE160
2161,1202,1223,_EXTERNAL-LR,ST UPE160
2162,203,204,,ST IPE200
2163,204,205,,ST IPE200
2164,205,206,_EXTERNAL-W1,ST IPE200
2165,207,208,_EXTERNAL-W1,ST IPE200
2166,208,209,_EXTERNAL-W1,ST IPE200
2167,209,210,_WINDWALL2,ST IPE200
2198,1203,1204,_WINDWALL1,ST IPE200
2199,1204,1205,,ST IPE200
2200,1205,1206,,ST IPE200
2201,1207,1208,,ST IPE200
2202,1209,1208,,ST IPE200
2203,1210,1209,,ST IPE200
2204,203,211,,ST IPE200
2205,204,212,,ST IPE200
2206,209,213,_EXTERNAL-W1,ST IPE200
2217,1204,1211,,ST IPE200
2218,1209,1212,,ST IPE200
2219,1210,1213,,ST IPE200
2220,211,214,_EXTERNAL-LL,ST UPE160
2221,1213,1214,_EXTERNAL-LR,ST UPE160
2222,214,215,_EXTERNAL-LL,ST UPE160
2223,1214,1215,_EXTERNAL-LR,ST UPE160
2224,215,216,_EXTERNAL-LL,ST UPE160
2225,1215,1218,_EXTERNAL-LR,ST UPE160
2226,216,219,_EXTERNAL-LL,ST UPE160
2227,1218,1219,_EXTERNAL-LR,ST UPE160
2228,219,220,_EXTERNAL-LL,ST UPE160
2229,1219,1220,_EXTERNAL-LR,ST UPE160
2230,220,221,_EXTERNAL-LL,ST UPE160
2231,1220,1225,_EXTERNAL-LR,ST UPE160
2232,222,223,_EXTERNAL-LL _EXTERNAL-W1,ST UPE160
2233,224,225,_EXTERNAL-LL _EXTERNAL-W1,ST UPE160
2244,1221,1222,_EXTERNAL-LR,ST UPE160
2245,1223,1224,_EXTERNAL-LR,ST UPE160
2246,205,227,,ST IPE200
2247,206,228,_EXTERNAL-W1,ST UPE160
2248,207,229,_EXTERNAL-W1,ST UPE160
2249,208,230,_EXTERNAL-W1,ST IPE200
2250,210,231,,ST UPE160
2281,1203,1227,_WINDWALL1,ST UPE160
2282,1205,1228,,ST IPE200
2283,1206,1229,,ST UPE160
2284,1207,1230,,ST UPE160
2285,1208,1231,,ST IPE200
2286,211,233,,ST IPE300
2287,212,234,,ST HE260A
2288,213,238,_EXTERNAL-W1,ST HE260A
2299,1211,1233,,ST HE260A
2300,1212,1237,,ST HE260A
2301,1213,1238,,ST IPE300
2302,214,239,_EXTERNAL-LL,ST IPE300
2303,1214,1239,_EXTERNAL-LR,ST IPE300
2304,215,241,_EXTERNAL-LL,ST IPE300
2305,1215,1241,_EXTERNAL-LR,ST IPE300
2306,216,242,_EXTERNAL-LL,ST IPE300
2307,217,243,_EXTERNAL-LL,ST HE220A
2308,218,247,_EXTERNAL-LL _EXTERNAL-W1,ST HE220A
2319,1216,1242,_EXTERNAL-LR,ST HE220A
2320,1217,1246,_EXTERNAL-LR,ST HE220A
2321,1218,1247,_EXTERNAL-LR,ST IPE300
2322,219,248,_EXTERNAL-LL,ST IPE300
2323,1219,1248,_EXTERNAL-LR,ST IPE300
2324,220,250,_EXTERNAL-LL,ST IPE300
2325,1220,1250,_EXTERNAL-LR,ST IPE300
2326,220,251,_EXTERNAL-LL,ST 101.6X4CHS
2327,1220,1256,_EXTERNAL-LR,ST 101.6X4CHS
2328,221,251,_EXTERNAL-LL,ST IPE300
2329,222,252,_EXTERNAL-LL,ST HE260A
2330,223,253,_EXTERNAL-LL _EXTERNAL-W1,ST UPE160
2331,224,255,_EXTERNAL-LL _EXTERNAL-W1,ST UPE160
2332,225,256,_EXTERNAL-LL _EXTERNAL-W1,ST HE260A
2353,1221,1251,_EXTERNAL-LR,ST HE260A
2354,1222,1252,_EXTERNAL-LR,ST UPE160
2355,1223,1254,_EXTERNAL-LR,ST UPE160
2356,1224,1255,_EXTERNAL-LR,ST HE260A
2357,1225,1256,_EXTERNAL-LR,ST IPE300
2358,226,227,,ST IPE200
2359,227,228,_EXTERNAL-W1,ST IPE200
2360,228,229,_EXTERNAL-W1,ST IPE200
2361,229,230,_EXTERNAL-W1,ST IPE200
2362,230,231,_WINDWALL2,ST IPE200
2363,231,232,,ST IPE200
2393,1226,1227,_WINDWALL1,ST IPE200
2394,1227,1228,_WINDWALL1,ST IPE200
2395,1228,1229,,ST IPE200
2396,1229,1230,,ST IPE200
2397,1230,1231,,ST IPE200
2398,1232,1231,,ST IPE200
2399,226,233,,ST IPE200
2400,227,234,,ST IPE200
2401,228,235,_EXTERNAL-W1,ST IPE180
2402,229,237,_EXTERNAL-W1,ST IPE180
2403,230,238,_EXTERNAL-W1,ST IPE200
2424,1228,1233,,ST IPE200
2425,1229,1234,,ST IPE180
2426,1230,1236,,ST IPE180
2427,1231,1237,,ST IPE200
2428,1232,1238,,ST IPE200
2429,234,235,_EXTERNAL-W1,ST HE180A
2430,235,236,_EXTERNAL-W1,ST HE180A
2431,236,237,_EXTERNAL-W1,ST HE180A
2432,237,238,_EXTERNAL-W1,ST HE180A
2453,1233,1234,,ST HE180A
2454,1234,1235,,ST HE180A
2455,1235,1236,,ST HE180A
2456,1236,1237,,ST HE180A
2457,233,239,_EXTERNAL-LL,ST UPE160
2458,1238,1239,_EXTERNAL-LR,ST UPE160
2459,236,240,_RAIL _EXTERNAL-LL _EXTERNAL-W1,ST HE200A
2465,1235,1240,_RAIL _EXTERNAL-LR,ST HE200A
2466,234,243,_EXTERNAL-LL,ST 139.7X5CHS
2467,238,247,_EXTERNAL-LL _EXTERNAL-W1,ST 139.7X5CHS
2478,1233,1242,_EXTERNAL-LR,ST 139.7X5CHS
2479,1237,1246,_EXTERNAL-LR,ST 139.7X5CHS
2480,239,241,_EXTERNAL-LL,ST UPE160
2481,1239,1241,_EXTERNAL-LR,ST UPE160
2482,240,245,_RAIL _EXTERNAL-LL _EXTERNAL-W1,ST HE200A
2488,1240,1244,_RAIL _EXTERNAL-LR,ST HE200A
2489,241,242,_EXTERNAL-LL,ST UPE160
2490,1241,1247,_EXTERNAL-LR,ST UPE160
2491,243,244,_EXTERNAL-LL _EXTERNAL-W1,ST HE180A
2492,244,245,_EXTERNAL-LL _EXTERNAL-W1,ST HE180A
2493,245,246,_EXTERNAL-LL _EXTERNAL-W1,ST HE180A
2494,246,247,_EXTERNAL-LL _EXTERNAL-W1,ST HE180A
2515,1242,1243,_EXTERNAL-LR,ST HE180A
2516,1243,1244,_EXTERNAL-LR,ST HE180A
2517,1244,1245,_EXTERNAL-LR,ST HE180A
2518,1245,1246,_EXTERNAL-LR,ST HE180A
2519,242,248,_EXTERNAL-LL,ST UPE160
2520,1247,1248,_EXTERNAL-LR,ST UPE160
2521,245,249,_RAIL _EXTERNAL-LL _EXTERNAL-W1,ST HE200A
2527,1244,1249,_RAIL _EXTERNAL-LR,ST HE200A
2528,248,250,_EXTERNAL-LL,ST UPE160
2529,1248,1250,_EXTERNAL-LR,ST UPE160
2530,243,252,_EXTERNAL-LL,ST 139.7X5CHS
2531,247,256,_EXTERNAL-LL _EXTERNAL-W1,ST 139.7X5CHS
2542,1242,1251,_EXTERNAL-LR,ST 139.7X5CHS
2543,1246,1255,_EXTERNAL-LR,ST 139.7X5CHS
2544,249,254,_RAIL _EXTERNAL-LL _EXTERNAL-W1,ST HE200A
2550,1249,1253,_RAIL _EXTERNAL-LR,ST HE200A
2551,250,251,_EXTERNAL-LL,ST UPE160
2552,1250,1256,_EXTERNAL-LR,ST UPE160
2553,252,253,_EXTERNAL-LL _EXTERNAL-W1,ST HE180A
2554,253,254,_EXTERNAL-LL _EXTERNAL-W1,ST HE180A
2555,254,255,_EXTERNAL-LL _EXTERNAL-W1,ST HE180A
2556,255,256,_EXTERNAL-LL _EXTERNAL-W1,ST HE180A
2577,1251,1252,_EXTERNAL-LR,ST HE180A
2578,1252,1253,_EXTERNAL-LR,ST HE180A
2579,1253,1254,_EXTERNAL-LR,ST HE180A
2580,1254,1255,_EXTERNAL-LR,ST HE180A
2581,227,258,_EXTERNAL-W1,ST IPE200
2582,230,261,_EXTERNAL-W1,ST IPE200
2593,1228,1258,,ST IPE200
2594,1231,1261,,ST IPE200
2595,233,263,,ST IPE300
2596,234,264,_EXTERNAL-W1,ST HE260A
2597,238,265,_EXTERNAL-W1,ST HE260A
2608,1233,1263,,ST HE260A
2609,1237,1264,,ST HE260A
2610,1238,1265,,ST IPE300
2611,239,266,_EXTERNAL-LL,ST IPE300
2612,1239,1266,_EXTERNAL-LR,ST IPE300
2613,241,267,_EXTERNAL-LL,ST IPE300
2614,1241,1267,_EXTERNAL-LR,ST IPE300
2615,242,268,_EXTERNAL-LL,ST IPE300
2616,243,269,_EXTERNAL-LL _EXTERNAL-W1,ST HE220A
2617,247,270,_EXTERNAL-LL _EXTERNAL-W1,ST HE220A
2628,1242,1268,_EXTERNAL-LR,ST HE220A
2629,1246,1269,_EXTERNAL-LR,ST HE220A
2630,1247,1270,_EXTERNAL-LR,ST IPE300
2631,248,271,_EXTERNAL-LL,ST IPE300
2632,1248,1271,_EXTERNAL-LR,ST IPE300
2633,250,272,_EXTERNAL-LL,ST IPE300
2634,1250,1272,_EXTERNAL-LR,ST IPE300
2635,251,272,_EXTERNAL-LL,ST 101.6X4CHS
2636,1256,1272,_EXTERNAL-LR,ST 101.6X4CHS
2637,251,273,_EXTERNAL-LL,ST IPE300
2638,252,274,_EXTERNAL-LL _EXTERNAL-W1,ST HE260A
2639,256,275,_EXTERNAL-LL _EXTERNAL-W1,ST HE260A
2650,1251,1273,_EXTERNAL-LR,ST HE260A
2651,1255,1274,_EXTERNAL-LR,ST HE260A
2652,1256,1275,_EXTERNAL-LR,ST IPE300
2653,257,258,,ST IPE200
2654,258,259,_EXTERNAL-W1,ST IPE200
2655,259,260,_EXTERNAL-W1,ST IPE200
2656,260,261,_EXTERNAL-W1,ST IPE200
2657,261,262,,ST IPE270
2677,1257,1258,_WINDWALL1,ST IPE270
2678,1258,1259,,ST IPE200
2679,1259,1260,,ST IPE200
2680,1260,1261,,ST IPE200
2681,1262,1261,,ST IPE200
2682,257,263,,ST IPE200
2683,259,264,_EXTERNAL-W1,ST IPE200
2684,260,265,_EXTERNAL-W1,ST IPE200
2695,1259,1263,,ST IPE200
2696,1260,1264,,ST IPE200
2697,1262,1265,,ST IPE200
2698,263,266,_EXTERNAL-LL,ST UPE160
2699,1265,1266,_EXTERNAL-LR,ST UPE160
2700,266,267,_EXTERNAL-LL,ST UPE160
2701,1266,1267,_EXTERNAL-LR,ST UPE160
2702,267,268,_EXTERNAL-LL,ST UPE160
2703,1267,1270,_EXTERNAL-LR,ST UPE160
2704,268,271,_EXTERNAL-LL,ST UPE160
2705,1270,1271,_EXTERNAL-LR,ST UPE160
2706,271,272,_EXTERNAL-LL,ST UPE160
2707,1271,1272,_EXTERNAL-LR,ST UPE160
2708,272,273,_EXTERNAL-LL,ST UPE160
2709,1272,1275,_EXTERNAL-LR,ST UPE160
2710,274,275,_EXTERNAL-LL _EXTERNAL-W1,ST UPE160
2716,1273,1274,_EXTERNAL-LR,ST UPE160
2717,243,301,_EXTERNAL-LL _EXTERNAL-W1,ST 168.3X6.3CHS
2718,240,302,_EXTERNAL-LL _EXTERNAL-W1,ST 88.9X3.2CHS
2719,247,301,_EXTERNAL-LL _EXTERNAL-W1,ST 168.3X6.3CHS
2735,1242,1300,_EXTERNAL-LR,ST 168.3X6.3CHS
2736,1240,1302,_EXTERNAL-LR,ST 88.9X3.2CHS
2737,1246,1300,_EXTERNAL-LR,ST 168.3X6.3CHS
2738,243,305,_EXTERNAL-LL _EXTERNAL-W1,ST 168.3X6.3CHS
2739,249,304,_EXTERNAL-LL _EXTERNAL-W1,ST 88.9X3.2CHS
2740,247,305,_EXTERNAL-LL _EXTERNAL-W1,ST 168.3X6.3CHS
2756,1242,1305,_EXTERNAL-LR,ST 168.3X6.3CHS
2757,1249,1304,_EXTERNAL-LR,ST 88.9X3.2CHS
2758,1246,1305,_EXTERNAL-LR,ST 168.3X6.3CHS
2759,258,277,_EXTERNAL-W1,ST IPE200
2760,261,280,_EXTERNAL-W1,ST IPE200
2771,1258,1277,,ST IPE200
2772,1261,1280,,ST IPE200
2773,263,282,,ST IPE300
2774,264,283,_EXTERNAL-W1,ST HE260A
2775,265,284,_EXTERNAL-W1,ST HE260A
2786,1263,1282,,ST HE260A
2787,1264,1283,,ST HE260A
2788,1265,1284,,ST IPE300
2789,266,285,_EXTERNAL-LL,ST IPE300
2790,1266,1285,_EXTERNAL-LR,ST IPE300
2791,267,286,_EXTERNAL-LL,ST IPE300
2792,1267,1286,_EXTERNAL-LR,ST IPE300
2793,268,287,_EXTERNAL-LL,ST IPE300
2794,269,288,_EXTERNAL-LL _EXTERNAL-W1,ST HE220A
2795,270,289,_EXTERNAL-LL _EXTERNAL-W1,ST HE220A
2806,1268,1287,_EXTERNAL-LR,ST HE220A
2807,1269,1288,_EXTERNAL-LR,ST HE220A
2808,1270,1289,_EXTERNAL-LR,ST IPE300
2809,271,290,_EXTERNAL-LL,ST IPE300
2810,1271,1290,_EXTERNAL-LR,ST IPE300
2811,272,291,_EXTERNAL-LL,ST IPE300
2812,1272,1291,_EXTERNAL-LR,ST IPE300
2813,272,292,_EXTERNAL-LL,ST 101.6X4CHS
2814,1272,1294,_EXTERNAL-LR,ST 101.6X4CHS
2815,273,292,_EXTERNAL-LL,ST IPE300
2816,274,293,_EXTERNAL-LL _EXTERNAL-W1,ST HE260A
2817,275,294,_EXTERNAL-LL _EXTERNAL-W1,ST HE260A
2828,1273,1292,_EXTERNAL-LR,ST HE260A
2829,1274,1293,_EXTERNAL-LR,ST HE260A
2830,1275,1294,_EXTERNAL-LR,ST IPE300
2831,276,277,,ST IPE200
2832,277,278,_EXTERNAL-W1,ST IPE200
2833,278,279,_EXTERNAL-W1,ST IPE200
2834,279,280,_EXTERNAL-W1,ST IPE200
2835,280,281,,ST IPE270
2855,1276,1277,_WINDWALL1,ST IPE270
2856,1277,1278,,ST IPE200
2857,1278,1279,,ST IPE200
2858,1279,1280,,ST IPE200
2859,1281,1280,,ST IPE200
2860,276,282,,ST IPE200
2861,278,283,_EXTERNAL-W1,ST IPE200
2862,279,284,_EXTERNAL-W1,ST IPE200
2873,1278,1282,,ST IPE200
2874,1279,1283,,ST IPE200
2875,1281,1284,,ST IPE200
2876,282,285,_EXTERNAL-LL,ST UPE160
2877,1284,1285,_EXTERNAL-LR,ST UPE160
2878,285,286,_EXTERNAL-LL,ST UPE160
2879,1285,1286,_EXTERNAL-LR,ST UPE160
2880,286,287,_EXTERNAL-LL,ST UPE160
2881,1286,1289,_EXTERNAL-LR,ST UPE160
2882,287,290,_EXTERNAL-LL,ST UPE160
2883,1289,1290,_EXTERNAL-LR,ST UPE160
2884,290,291,_EXTERNAL-LL,ST UPE160
2885,1290,1291,_EXTERNAL-LR,ST UPE160
2886,291,292,_EXTERNAL-LL,ST UPE160
2887,1291,1294,_EXTERNAL-LR,ST UPE160
2888,293,294,_EXTERNAL-LL _EXTERNAL-W1,ST UPE160
2894,1292,1293,_EXTERNAL-LR,ST UPE160
2895,277,296,,ST IPE200
2896,280,298,_EXTERNAL-W1,ST IPE200
2907,1277,1296,,ST IPE200
2908,1280,1298,,ST IPE200
2909,282,300,,ST IPE300
2910,283,301,_EXTERNAL-W1,ST HE260A
2911,284,301,_EXTERNAL-W1,ST HE260A
2922,1282,1300,,ST HE260A
2923,1283,1300,,ST HE260A
2924,1284,1301,,ST IPE300
2925,288,303,_EXTERNAL-LL _EXTERNAL-W1,ST HE220A
2926,289,303,_EXTERNAL-LL _EXTERNAL-W1,ST HE220A
2937,1287,1303,_EXTERNAL-LR,ST HE220A
2938,1288,1303,_EXTERNAL-LR,ST HE220A
2939,293,305,_EXTERNAL-LL _EXTERNAL-W1,ST HE260A
2940,294,305,_EXTERNAL-LL _EXTERNAL-W1,ST HE260A
2951,1292,1305,_EXTERNAL-LR,ST HE260A
2952,1293,1305,_EXTERNAL-LR,ST HE260A
2953,285,307,_EXTERNAL-LL,ST IPE300
2954,1285,1307,_EXTERNAL-LR,ST IPE300
2955,286,308,_EXTERNAL-LL,ST IPE300
2956,1286,1308,_EXTERNAL-LR,ST IPE300
2957,287,309,_EXTERNAL-LL,ST IPE300
2958,1289,1309,_EXTERNAL-LR,ST IPE300
2959,290,310,_EXTERNAL-LL,ST IPE300
2960,1290,1310,_EXTERNAL-LR,ST IPE300
2961,291,311,_EXTERNAL-LL,ST IPE300
2962,1291,1311,_EXTERNAL-LR,ST IPE300
2963,292,311,_EXTERNAL-LL,ST 101.6X4CHS
2964,1294,1311,_EXTERNAL-LR,ST 101.6X4CHS
2965,292,312,_EXTERNAL-LL,ST IPE300
2966,1294,1312,_EXTERNAL-LR,ST IPE300
2967,295,296,,ST IPE300
2968,296,297,_EXTERNAL-W1,ST IPE300
2969,297,298,_EXTERNAL-W1,ST IPE300
2970,298,299,,ST IPE300
2985,1295,1296,_WINDWALL1,ST IPE300
2986,1296,1297,,ST IPE300
2987,1297,1298,,ST IPE300
2988,1299,1298,,ST IPE300
2989,295,300,,ST IPE300
2990,297,301,_EXTERNAL-W1,ST IPE300
2996,1297,1300,,ST IPE300
2997,1299,1301,,ST IPE300
2998,301,302,_TOP_GIRD _EXTERNAL-LL _EXTERNAL-W1,ST HE280A
3004,1300,1302,_TOP_GIRD _EXTERNAL-LR,ST HE280A
3005,302,303,_TOP_GIRD _EXTERNAL-LL _EXTERNAL-W1,ST HE280A
3011,1302,1303,_TOP_GIRD _EXTERNAL-LR,ST HE280A
3012,303,304,_TOP_GIRD _EXTERNAL-LL _EXTERNAL-W1,ST HE280A
3018,1303,1304,_TOP_GIRD _EXTERNAL-LR,ST HE280A
3019,304,305,_TOP_GIRD _EXTERNAL-LL _EXTERNAL-W1,ST HE280A
3025,1304,1305,_TOP_GIRD _EXTERNAL-LR,ST HE280A
3026,300,306,,ST IPE300
3027,301,313,_EXTERNAL-LL _EXTERNAL-W1,ST 200X16SHS
3033,1300,1313,_EXTERNAL-LR,ST 200X16SHS
3034,303,316,_EXTERNAL-LL _EXTERNAL-W1,ST 200X16SHS
3040,1303,1316,_EXTERNAL-LR,ST 200X16SHS
3041,305,319,_EXTERNAL-LL _EXTERNAL-W1,ST 200X16SHS
3047,1305,1319,_EXTERNAL-LR,ST 200X16SHS
3048,306,307,_EXTERNAL-LL,ST UPE160
3049,1306,1307,_EXTERNAL-LR,ST UPE160
3050,307,308,_EXTERNAL-LL,ST UPE160
3051,1307,1308,_EXTERNAL-LR,ST UPE160
3052,308,309,_EXTERNAL-LL,ST UPE160
3053,1308,1309,_EXTERNAL-LR,ST UPE160
3054,309,310,_EXTERNAL-LL,ST UPE160
3055,1309,1310,_EXTERNAL-LR,ST UPE160
3056,310,311,_EXTERNAL-LL,ST UPE160
3057,1310,1311,_EXTERNAL-LR,ST UPE160
3058,311,312,_EXTERNAL-LL,ST UPE160
3059,1311,1312,_EXTERNAL-LR,ST UPE160
3060,307,314,_EXTERNAL-LL,ST 114.3X5CHS
3061,1307,1314,_EXTERNAL-LR,ST 114.3X5CHS
3062,308,315,_EXTERNAL-LL,ST 114.3X5CHS
3063,1308,1315,_EXTERNAL-LR,ST 114.3X5CHS
3064,309,316,_EXTERNAL-LL,ST 114.3X5CHS
3065,1309,1316,_EXTERNAL-LR,ST 114.3X5CHS
3066,310,317,_EXTERNAL-LL,ST 114.3X5CHS
3067,1310,1317,_EXTERNAL-LR,ST 114.3X5CHS
3068,311,318,_EXTERNAL-LL,ST 114.3X5CHS
3069,1311,1318,_EXTERNAL-LR,ST 114.3X5CHS
3070,312,319,_EXTERNAL-LL,ST 114.3X5CHS
3071,1312,1319,_EXTERNAL-LR,ST 114.3X5CHS
3072,313,314,_EXTERNAL-LL _EXTERNAL-W1,ST PIPE OD 2.22 ID 2.2
3078,1313,1314,_EXTERNAL-LR,ST PIPE OD 2.22 ID 2.2
3079,314,315,_EXTERNAL-LL _EXTERNAL-W1,ST PIPE OD 2.22 ID 2.2
3085,1314,1315,_EXTERNAL-LR,ST PIPE OD 2.22 ID 2.2
3086,315,316,_EXTERNAL-LL _EXTERNAL-W1,ST PIPE OD 2.22 ID 2.2
3092,1315,1316,_EXTERNAL-LR,ST PIPE OD 2.22 ID 2.2
3093,316,317,_EXTERNAL-LL _EXTERNAL-W1,ST PIPE OD 2.22 ID 2.2
3099,1316,1317,_EXTERNAL-LR,ST PIPE OD 2.22 ID 2.2
3100,317,318,_EXTERNAL-LL _EXTERNAL-W1,ST PIPE OD 2.22 ID 2.2
3106,1317,1318,_EXTERNAL-LR,ST PIPE OD 2.22 ID 2.2
3107,318,319,_EXTERNAL-LL _EXTERNAL-W1,ST PIPE OD 2.22 ID 2.2
3113,1318,1319,_EXTERNAL-LR,ST PIPE OD 2.22 ID 2.2
3114,1068,1075,_EXTERNAL-LR,ST HE220A
3115,1075,1078,_EXTERNAL-LR,ST HE220A
3116,1078,1085,_EXTERNAL-LR,ST HE220A
3117,1085,1088,_EXTERNAL-LR,ST HE220A
3118,1088,1091,_EXTERNAL-LR,ST HE220A
3119,1091,1097,_EXTERNAL-LR,ST HE220A
3120,1097,1100,_EXTERNAL-LR,ST HE220A
3121,1100,1101,_EXTERNAL-LR,ST HE220A
3122,1101,1106,_EXTERNAL-LR,ST HE220A
3123,1106,1111,_EXTERNAL-LR,ST HE220A
3124,1111,1116,_EXTERNAL-LR,ST HE220A
3125,1116,1133,_EXTERNAL-LR,ST HE220A
3126,1301,1306,,ST IPE300
3142,1090,1086,_EXTERNAL-LR,ST IPE240
3143,1092,1093,_EXTERNAL-LR,ST IPE180
3144,1099,1103,_EXTERNAL-LR,ST IPE240
3145,1,8,_EXTERNAL-LL _EXTERNAL-W1,ST 244.5X6.3CHS
3146,2,9,_EXTERNAL-LL _EXTERNAL-W1,ST 244.5X6.3CHS
3151,1001,1008,_EXTERNAL-LR,ST 244.5X6.3CHS
3152,1002,1009,_EXTERNAL-LR,ST 244.5X6.3CHS
3153,3,8,_EXTERNAL-LL _EXTERNAL-W1,ST 244.5X6.3CHS
3154,4,9,_EXTERNAL-LL _EXTERNAL-W1,ST 244.5X6.3CHS
3159,1003,1008,_EXTERNAL-LR,ST 244.5X6.3CHS
3160,1004,1009,_EXTERNAL-LR,ST 244.5X6.3CHS
5156,501,505,_INTERNAL-CELL _EXTERNAL-W2,ST HE400A
5157,502,507,_INTERNAL-CELL _EXTERNAL-W2,ST HE400A
5168,1501,1505,,ST HE400A
5169,1502,1507,,ST HE400A
5186,505,506,_INTERNAL-CELL _EXTERNAL-W2,ST 323.9X6.3CHS
5187,506,507,_INTERNAL-CELL _EXTERNAL-W2,ST 323.9X6.3CHS
5198,1505,1506,,ST 323.9X6.3CHS
5199,1506,1507,,ST 323.9X6.3CHS
5216,505,513,_INTERNAL-CELL _EXTERNAL-W2,ST HE400A
5217,507,515,_INTERNAL-CELL _EXTERNAL-W2,ST HE400A
5228,1505,1513,,ST HE400A
5229,1507,1515,,ST HE400A
5246,513,514,_INTERNAL-CELL _EXTERNAL-W2,ST 273X6.3CHS
5247,514,515,_INTERNAL-CELL _EXTERNAL-W2,ST 273X6.3CHS
5258,1513,1514,,ST 273X6.3CHS
5259,1514,1515,,ST 273X6.3CHS
5260,513,521,_INTERNAL-CELL _EXTERNAL-W2,ST HE320A
5261,515,522,_INTERNAL-CELL _EXTERNAL-W2,ST HE320A
5266,1513,1521,,ST HE320A
5267,1515,1522,,ST HE320A
5284,513,532,_INTERNAL-CELL _EXTERNAL-W2,ST 273X6.3CHS
5285,515,532,_INTERNAL-CELL _EXTERNAL-W2,ST 273X6.3CHS
5296,1513,1531,,ST 273X6.3CHS
5297,1515,1531,,ST 273X6.3CHS
5298,521,525,,ST IPE180
5299,521,526,_INTERNAL-CELL _EXTERNAL-W2,ST HE320A
5300,522,538,_INTERNAL-CELL _EXTERNAL-W2,ST HE320A
5305,1521,1525,,ST HE320A
5306,1522,1537,,ST HE320A
5307,1522,1538,,ST IPE180
5748,525,526,,ST IPE180
5749,526,527,_INTERNAL-CELL _EXTERNAL-W2,ST HE280A
5750,527,528,_INTERNAL-CELL _EXTERNAL-W2,ST HE280A
5751,528,529,_INTERNAL-CELL _EXTERNAL-W2,ST HE280A
5752,529,530,_INTERNAL-CELL _EXTERNAL-W2,ST HE280A
5753,530,531,_INTERNAL-CELL _EXTERNAL-W2,ST HE280A
5754,531,532,_INTERNAL-CELL _EXTERNAL-W2,ST HE280A
5755,532,533,_INTERNAL-CELL _EXTERNAL-W2,ST HE280A
5756,533,534,_INTERNAL-CELL _EXTERNAL-W2,ST HE280A
5757,534,535,_INTERNAL-CELL _EXTERNAL-W2,ST HE280A
5758,535,536,_INTERNAL-CELL _EXTERNAL-W2,ST HE280A
5759,536,537,_INTERNAL-CELL _EXTERNAL-W2,ST HE280A
5760,537,538,_INTERNAL-CELL _EXTERNAL-W2,ST HE280A
5821,1525,1526,,ST HE280A
5822,1526,1527,,ST HE280A
5823,1527,1528,,ST HE280A
5824,1528,1529,,ST HE280A
5825,1529,1530,,ST HE280A
5826,1530,1531,,ST HE280A
5827,1531,1532,,ST HE280A
5828,1532,1533,,ST HE280A
5829,1533,1534,,ST HE280A
5830,1534,1535,,ST HE280A
5831,1535,1536,,ST HE280A
5832,1536,1537,,ST HE280A
5833,1538,1537,,ST IPE180
6002,526,668,_INTERNAL-CELL _EXTERNAL-W2,ST HE260A
6003,538,669,_INTERNAL-CELL _EXTERNAL-W2,ST HE260A
6014,1525,1668,,ST HE260A
6015,1537,1669,,ST HE260A
6234,525,674,,ST IPE300
6235,531,676,_INTERNAL-CELL _EXTERNAL-W2,ST UPE160
6236,533,677,_INTERNAL-CELL _EXTERNAL-W2,ST UPE160
6247,1530,1675,,ST UPE160
6248,1532,1676,,ST UPE160
6249,1538,1678,,ST IPE300
6292,668,675,_INTERNAL-CELL _EXTERNAL-W2,ST HE260A
6293,669,678,_INTERNAL-CELL _EXTERNAL-W2,ST HE260A
6304,1668,1674,,ST HE260A
6305,1669,1677,,ST HE260A
6318,675,676,_INTERNAL-CELL _EXTERNAL-W2,ST UPE160
6319,677,678,_INTERNAL-CELL _EXTERNAL-W2,ST UPE160
6330,1674,1675,,ST UPE160
6331,1676,1677,,ST UPE160
6332,676,699,_INTERNAL-CELL _EXTERNAL-W2,ST UPE160
6333,677,700,_INTERNAL-CELL _EXTERNAL-W2,ST UPE160
6344,1675,1699,,ST UPE160
6345,1676,1700,,ST UPE160
6398,674,708,,ST 101.6X4CHS
6399,1678,1708,,ST 101.6X4CHS
6400,674,703,,ST IPE300
6401,675,704,_INTERNAL-CELL _EXTERNAL-W2,ST HE260A
6402,678,707,_INTERNAL-CELL _EXTERNAL-W2,ST HE260A
6413,1674,1703,,ST HE260A
6414,1677,1706,,ST HE260A
6415,1678,1707,,ST IPE300
6444,699,700,_INTERNAL-CELL _EXTERNAL-W2,ST UPE160
6450,1699,1700,,ST UPE160
6451,699,705,_INTERNAL-CELL _EXTERNAL-W2,ST UPE160
6452,700,706,_INTERNAL-CELL _EXTERNAL-W2,ST UPE160
6463,1699,1704,,ST UPE160
6464,1700,1705,,ST UPE160
6477,704,705,_INTERNAL-CELL _EXTERNAL-W2,ST UPE160
6478,706,707,_INTERNAL-CELL _EXTERNAL-W2,ST UPE160
6489,1703,1704,,ST UPE160
6490,1705,1706,,ST UPE160
6515,708,726,,ST 101.6X4CHS
6516,1708,1731,,ST 101.6X4CHS
6517,703,726,,ST IPE300
6518,704,727,_INTERNAL-CELL,ST HE260A
6519,705,728,_INTERNAL-CELL _EXTERNAL-W2,ST UPE160
6520,706,730,_INTERNAL-CELL _EXTERNAL-W2,ST UPE160
6521,707,731,_INTERNAL-CELL,ST HE260A
6542,1703,1726,,ST HE260A
6543,1704,1727,,ST UPE160
6544,1705,1729,,ST UPE160
6545,1706,1730,,ST HE260A
6546,1707,1731,,ST IPE300
6643,727,728,_INTERNAL-CELL _EXTERNAL-W2,ST HE180A
6644,728,729,_INTERNAL-CELL _EXTERNAL-W2,ST HE180A
6645,729,730,_INTERNAL-CELL _EXTERNAL-W2,ST HE180A
6646,730,731,_INTERNAL-CELL _EXTERNAL-W2,ST HE180A
6667,1726,1727,,ST HE180A
6668,1727,1728,,ST HE180A
6669,1728,1729,,ST HE180A
6670,1729,1730,,ST HE180A
6695,726,761,,ST 101.6X4CHS
6696,1731,1761,,ST 101.6X4CHS
6697,726,758,,ST IPE300
6698,727,759,_INTERNAL-CELL _EXTERNAL-W2,ST HE260A
6699,731,760,_INTERNAL-CELL _EXTERNAL-W2,ST HE260A
6710,1726,1758,,ST HE260A
6711,1730,1759,,ST HE260A
6712,1731,1760,,ST IPE300
6725,759,760,_INTERNAL-CELL _EXTERNAL-W2,ST UPE160
6731,1758,1759,,ST UPE160
6798,761,777,,ST 101.6X4CHS
6799,1761,1779,,ST 101.6X4CHS
6800,758,777,,ST IPE300
6801,759,778,_INTERNAL-CELL _EXTERNAL-W2,ST HE260A
6802,760,779,_INTERNAL-CELL _EXTERNAL-W2,ST HE260A
6813,1758,1777,,ST HE260A
6814,1759,1778,,ST HE260A
6815,1760,1779,,ST IPE300
6828,778,779,_INTERNAL-CELL _EXTERNAL-W2,ST UPE160
6834,1777,1778,,ST UPE160
6849,778,796,_INTERNAL-CELL _EXTERNAL-W2,ST HE260A
6850,779,796,_INTERNAL-CELL _EXTERNAL-W2,ST HE260A
6861,1777,1796,,ST HE260A
6862,1778,1796,,ST HE260A
6873,777,808,,ST 101.6X4CHS
6874,1779,1808,,ST 101.6X4CHS
6875,777,807,,ST IPE300
6876,1779,1807,,ST IPE300
6912,796,814,_INTERNAL-CELL _EXTERNAL-W2,ST 200X16SHS
6918,1796,1814,,ST 200X16SHS
6941,807,814,,ST 114.3X5CHS
6942,1807,1814,,ST 114.3X5CHS
7091,503,510,_INTERNAL-CELL _EXTERNAL-W2,ST HE400A
7092,504,512,_INTERNAL-CELL _EXTERNAL-W2,ST HE400A
7103,1503,1510,,ST HE400A
7104,1504,1512,,ST HE400A
7105,505,508,_INTERNAL-CELL _EXTERNAL-W2,ST 323.9X6.3CHS
7106,507,509,_INTERNAL-CELL _EXTERNAL-W2,ST 323.9X6.3CHS
7111,1505,1508,,ST 323.9X6.3CHS
7112,1507,1509,,ST 323.9X6.3CHS
7113,508,510,_INTERNAL-CELL _EXTERNAL-W2,ST 323.9X6.3CHS
7114,509,512,_INTERNAL-CELL _EXTERNAL-W2,ST 323.9X6.3CHS
7119,1508,1510,,ST 323.9X6.3CHS
7120,1509,1512,,ST 323.9X6.3CHS
7121,510,511,_INTERNAL-CELL _EXTERNAL-W2,ST 323.9X6.3CHS
7122,511,512,_INTERNAL-CELL _EXTERNAL-W2,ST 323.9X6.3CHS
7133,1510,1511,,ST 323.9X6.3CHS
7134,1511,1512,,ST 323.9X6.3CHS
7151,510,518,_INTERNAL-CELL _EXTERNAL-W2,ST HE400A
7152,512,520,_INTERNAL-CELL _EXTERNAL-W2,ST HE400A
7163,1510,1518,,ST HE400A
7164,1512,1520,,ST HE400A
7165,513,516,_INTERNAL-CELL _EXTERNAL-W2,ST 273X6.3CHS
7166,515,517,_INTERNAL-CELL _EXTERNAL-W2,ST 273X6.3CHS
7171,1513,1516,,ST 273X6.3CHS
7172,1515,1517,,ST 273X6.3CHS
7173,516,518,_INTERNAL-CELL _EXTERNAL-W2,ST 273X6.3CHS
7174,517,520,_INTERNAL-CELL _EXTERNAL-W2,ST 273X6.3CHS
7179,1516,1518,,ST 273X6.3CHS
7180,1517,1520,,ST 273X6.3CHS
7181,518,519,_INTERNAL-CELL _EXTERNAL-W2,ST 273X6.3CHS
7182,519,520,_INTERNAL-CELL _EXTERNAL-W2,ST 273X6.3CHS
7193,1518,1519,,ST 273X6.3CHS
7194,1519,1520,,ST 273X6.3CHS
7195,518,523,_INTERNAL-CELL _EXTERNAL-W2,ST HE320A
7196,520,524,_INTERNAL-CELL _EXTERNAL-W2,ST HE320A
7201,1518,1523,,ST HE320A
7202,1520,1524,,ST HE320A
7203,513,562,_INTERNAL-CELL _EXTERNAL-W2,ST 244.5X6.3CHS
7204,515,567,_INTERNAL-CELL _EXTERNAL-W2,ST 244.5X6.3CHS
7209,1513,1561,,ST 244.5X6.3CHS
7210,1515,1566,,ST 244.5X6.3CHS
7211,518,562,_INTERNAL-CELL _EXTERNAL-W2,ST 244.5X6.3CHS
7212,520,567,_INTERNAL-CELL _EXTERNAL-W2,ST 244.5X6.3CHS
7217,1518,1561,,ST 244.5X6.3CHS
7218,1520,1566,,ST 244.5X6.3CHS
7219,518,602,_INTERNAL-CELL _EXTERNAL-W2,ST 273X6.3CHS
7220,520,602,_INTERNAL-CELL _EXTERNAL-W2,ST 273X6.3CHS
7231,1518,1601,,ST 273X6.3CHS
7232,1520,1601,,ST 273X6.3CHS
7233,523,590,,ST IPE180
7234,523,591,_INTERNAL-CELL _EXTERNAL-W2,ST HE320A
7235,524,613,_INTERNAL-CELL _EXTERNAL-W2,ST HE320A
7240,1523,1590,,ST HE320A
7241,1524,1612,,ST HE320A
7242,1524,1613,,ST IPE180
7243,539,529,_INTERNAL-CELL _EXTERNAL-W2,ST IPE240
7244,532,540,_INTERNAL-CELL _EXTERNAL-W2,ST IPE180
7245,535,541,_INTERNAL-CELL _EXTERNAL-W2,ST IPE240
7261,1539,1528,,ST IPE240
7262,1531,1540,,ST IPE180
7263,1534,1541,,ST IPE240
7264,526,543,_INTERNAL-CELL,ST HE220A
7265,543,527,_INTERNAL-CELL _EXTERNAL-W2,ST IPE160
7266,537,544,_INTERNAL-CELL _EXTERNAL-W2,ST IPE160
7267,538,544,_INTERNAL-CELL _EXTERNAL-W2,ST HE220A
7282,1525,1543,,ST HE220A
7283,1543,1526,,ST IPE160
7284,1536,1544,,ST IPE160
7285,545,528,_INTERNAL-CELL _EXTERNAL-W2,ST IPE180
7286,536,546,_INTERNAL-CELL _EXTERNAL-W2,ST IPE180
7297,1545,1527,,ST IPE180
7298,1535,1546,,ST IPE180
7299,539,540,_INTERNAL-CELL _EXTERNAL-W2,ST IPE180
7300,540,541,_INTERNAL-CELL _EXTERNAL-W2,ST IPE180
7311,1539,1540,,ST IPE180
7312,1540,1541,,ST IPE180
7313,525,547,,ST IPE220
7314,525,548,,ST IPE200
7315,1538,1547,,ST IPE200
7316,1538,1548,,ST IPE220
7317,540,542,_INTERNAL-CELL _EXTERNAL-W2,ST L100X100X8
7323,1540,1542,,ST L100X100X8
7324,549,539,_INTERNAL-CELL _EXTERNAL-W2,ST IPE240
7325,541,550,_INTERNAL-CELL _EXTERNAL-W2,ST IPE240
7336,1549,1539,,ST IPE240
7337,1541,1550,,ST IPE240
7338,543,548,_INTERNAL-CELL,ST HE220A
7339,547,548,,ST IPE180
7340,1548,1547,,ST IPE180
7341,545,549,_INTERNAL-CELL _EXTERNAL-W2,ST IPE160
7342,550,546,_INTERNAL-CELL _EXTERNAL-W2,ST IPE160
7353,1545,1549,,ST IPE160
7354,1550,1546,,ST IPE160
7355,544,554,_INTERNAL-CELL _EXTERNAL-W2,ST HE220A
7360,1543,1553,,ST HE220A
7361,553,545,_INTERNAL-CELL _EXTERNAL-W2,ST IPE180
7362,546,554,_INTERNAL-CELL _EXTERNAL-W2,ST IPE180
7373,1553,1545,,ST IPE180
7374,1546,1554,,ST IPE180
7375,548,553,_INTERNAL-CELL,ST HE220A
7376,549,551,_INTERNAL-CELL _EXTERNAL-W2,ST L100X100X8
7377,550,552,_INTERNAL-CELL _EXTERNAL-W2,ST L100X100X8
7388,1549,1551,,ST L100X100X8
7389,1550,1552,,ST L100X100X8
7390,547,557,,ST IPE220
7391,548,557,,ST IPE200
7392,1547,1558,,ST IPE200
7393,1548,1558,,ST IPE220
7394,555,549,_INTERNAL-CELL _EXTERNAL-W2,ST IPE240
7395,550,556,_INTERNAL-CELL _EXTERNAL-W2,ST IPE240
7406,1555,1549,,ST IPE240
7407,1550,1556,,ST IPE240
7408,553,558,_INTERNAL-CELL,ST HE220A
7409,554,560,_INTERNAL-CELL _EXTERNAL-W2,ST HE220A
7414,1553,1559,,ST HE220A
7415,557,558,,ST IPE180
7416,1558,1557,,ST IPE180
7417,559,555,_INTERNAL-CELL _EXTERNAL-W2,ST IPE240
7418,556,560,_INTERNAL-CELL _EXTERNAL-W2,ST IPE240
7424,1556,1560,,ST IPE240
7425,558,559,_INTERNAL-CELL,ST HE220A
7426,555,563,_INTERNAL-CELL _EXTERNAL-W2,ST IPE180
7427,556,566,_INTERNAL-CELL _EXTERNAL-W2,ST IPE180
7438,1555,1562,,ST IPE180
7439,1556,1565,,ST IPE180
7440,557,561,,ST IPE220
7441,557,562,,ST IPE200
7442,1558,1566,,ST IPE200
7443,1558,1567,,ST IPE220
7444,559,562,_INTERNAL-CELL,ST HE220A
7445,560,567,_INTERNAL-CELL _EXTERNAL-W2,ST HE220A
7450,1559,1561,,ST HE220A
7451,561,562,,ST IPE180
7452,562,563,_INTERNAL-CELL _EXTERNAL-W2,ST IPE180
7453,563,564,_INTERNAL-CELL _EXTERNAL-W2,ST L100X100X8
7454,566,565,_INTERNAL-CELL _EXTERNAL-W2,ST L100X100X8
7455,566,567,_INTERNAL-CELL _EXTERNAL-W2,ST IPE180
7471,1562,1563,,ST L100X100X8
7472,1565,1564,,ST L100X100X8
7473,1565,1566,,ST IPE180
7474,1567,1566,,ST IPE180
7475,562,568,_INTERNAL-CELL,ST HE220A
7476,567,569,_INTERNAL-CELL _EXTERNAL-W2,ST HE220A
7481,1561,1568,,ST HE220A
7482,561,570,,ST IPE220
7483,562,570,,ST IPE200
7484,1566,1571,,ST IPE200
7485,1567,1571,,ST IPE220
7486,563,572,_INTERNAL-CELL _EXTERNAL-W2,ST IPE180
7487,566,573,_INTERNAL-CELL _EXTERNAL-W2,ST IPE180
7498,1562,1572,,ST IPE180
7499,1565,1573,,ST IPE180
7500,568,571,_INTERNAL-CELL,ST HE220A
7501,568,572,_INTERNAL-CELL _EXTERNAL-W2,ST IPE240
7502,573,569,_INTERNAL-CELL _EXTERNAL-W2,ST IPE240
7508,1573,1569,,ST IPE240
7509,570,571,,ST IPE180
7510,1571,1570,,ST IPE180
7511,569,575,_INTERNAL-CELL _EXTERNAL-W2,ST HE220A
7516,1568,1574,,ST HE220A
7517,571,574,_INTERNAL-CELL,ST HE220A
7518,572,578,_INTERNAL-CELL _EXTERNAL-W2,ST IPE240
7519,579,573,_INTERNAL-CELL _EXTERNAL-W2,ST IPE240
7530,1572,1578,,ST IPE240
7531,1579,1573,,ST IPE240
7532,570,580,,ST IPE220
7533,570,581,,ST IPE200
7534,1571,1580,,ST IPE200
7535,1571,1581,,ST IPE220
7536,578,576,_INTERNAL-CELL _EXTERNAL-W2,ST L100X100X8
7537,579,577,_INTERNAL-CELL _EXTERNAL-W2,ST L100X100X8
7548,1578,1576,,ST L100X100X8
7549,1579,1577,,ST L100X100X8
7550,574,581,_INTERNAL-CELL,ST HE220A
7551,574,582,_INTERNAL-CELL _EXTERNAL-W2,ST IPE180
7552,583,575,_INTERNAL-CELL _EXTERNAL-W2,ST IPE180
7563,1574,1582,,ST IPE180
7564,1583,1575,,ST IPE180
7565,575,585,_INTERNAL-CELL _EXTERNAL-W2,ST HE220A
7570,1574,1584,,ST HE220A
7571,582,578,_INTERNAL-CELL _EXTERNAL-W2,ST IPE160
7572,579,583,_INTERNAL-CELL _EXTERNAL-W2,ST IPE160
7583,1582,1578,,ST IPE160
7584,1579,1583,,ST IPE160
7585,580,581,,ST IPE180
7586,1581,1580,,ST IPE180
7587,581,584,_INTERNAL-CELL,ST HE220A
7588,578,587,_INTERNAL-CELL _EXTERNAL-W2,ST IPE240
7589,589,579,_INTERNAL-CELL _EXTERNAL-W2,ST IPE240
7600,1578,1587,,ST IPE240
7601,1589,1579,,ST IPE240
7602,588,586,_INTERNAL-CELL _EXTERNAL-W2,ST L100X100X8
7608,1588,1586,,ST L100X100X8
7609,580,590,,ST IPE220
7610,581,590,,ST IPE200
7611,1580,1613,,ST IPE200
7612,1581,1613,,ST IPE220
7613,587,588,_INTERNAL-CELL _EXTERNAL-W2,ST IPE180
7614,588,589,_INTERNAL-CELL _EXTERNAL-W2,ST IPE180
7625,1587,1588,,ST IPE180
7626,1588,1589,,ST IPE180
7627,582,596,_INTERNAL-CELL _EXTERNAL-W2,ST IPE180
7628,608,583,_INTERNAL-CELL _EXTERNAL-W2,ST IPE180
7639,1582,1595,,ST IPE180
7640,1607,1583,,ST IPE180
7641,584,591,_INTERNAL-CELL,ST HE220A
7642,584,593,_INTERNAL-CELL _EXTERNAL-W2,ST IPE160
7643,611,585,_INTERNAL-CELL _EXTERNAL-W2,ST IPE160
7644,585,613,_INTERNAL-CELL _EXTERNAL-W2,ST HE220A
7659,1584,1590,,ST HE220A
7660,1584,1592,,ST IPE160
7661,1610,1585,,ST IPE160
7662,587,599,_INTERNAL-CELL _EXTERNAL-W2,ST IPE240
7663,588,602,_INTERNAL-CELL _EXTERNAL-W2,ST IPE180
7664,605,589,_INTERNAL-CELL _EXTERNAL-W2,ST IPE240
7680,1587,1598,,ST IPE240
7681,1588,1601,,ST IPE180
7682,1604,1589,,ST IPE240
7683,590,591,,ST IPE180
7684,591,592,_INTERNAL-CELL _EXTERNAL-W2,ST HE280A
7685,593,594,_INTERNAL-CELL _EXTERNAL-W2,ST HE280A
7686,596,597,_INTERNAL-CELL _EXTERNAL-W2,ST HE280A
7687,599,600,_INTERNAL-CELL _EXTERNAL-W2,ST HE280A
7688,600,601,_INTERNAL-CELL _EXTERNAL-W2,ST HE280A
7689,601,602,_INTERNAL-CELL _EXTERNAL-W2,ST HE280A
7690,602,603,_INTERNAL-CELL _EXTERNAL-W2,ST HE280A
7691,603,604,_INTERNAL-CELL _EXTERNAL-W2,ST HE280A
7692,604,605,_INTERNAL-CELL _EXTERNAL-W2,ST HE280A
7693,605,606,_INTERNAL-CELL _EXTERNAL-W2,ST HE280A
7694,608,609,_INTERNAL-CELL _EXTERNAL-W2,ST HE280A
7695,611,612,_INTERNAL-CELL _EXTERNAL-W2,ST HE280A
7756,1590,1591,,ST HE280A
7757,1592,1593,,ST HE280A
7758,1595,1596,,ST HE280A
7759,1598,1599,,ST HE280A
7760,1599,1600,,ST HE280A
7761,1600,1601,,ST HE280A
7762,1601,1602,,ST HE280A
7763,1602,1603,,ST HE280A
7764,1603,1604,,ST HE280A
7765,1604,1605,,ST HE280A
7766,1607,1608,,ST HE280A
7767,1610,1611,,ST HE280A
7768,1613,1612,,ST IPE180
7769,562,652,_STAB_MOTOR _INTERNAL-CELL _EXTERNAL-W2,ST 139.7X6.3CHS
7770,653,567,_STAB_MOTOR _INTERNAL-CELL _EXTERNAL-W2,ST 139.7X6.3CHS
7781,1561,1652,_STAB_MOTOR,ST 139.7X6.3CHS
7782,1653,1566,_STAB_MOTOR,ST 139.7X6.3CHS
7783,562,658,_STAB_MOTOR _INTERNAL-CELL _EXTERNAL-W2,ST 139.7X6.3CHS
7784,659,567,_STAB_MOTOR _INTERNAL-CELL _EXTERNAL-W2,ST 139.7X6.3CHS
7795,1561,1658,_STAB_MOTOR,ST 139.7X6.3CHS
7796,1659,1566,_STAB_MOTOR,ST 139.7X6.3CHS
7923,562,670,_INTERNAL-CELL _EXTERNAL-W2,ST HE220A
7924,567,671,_INTERNAL-CELL _EXTERNAL-W2,ST HE220A
7935,1561,1670,,ST HE220A
7936,1566,1671,,ST HE220A
7937,591,672,_INTERNAL-CELL _EXTERNAL-W2,ST HE260A
7938,613,673,_INTERNAL-CELL _EXTERNAL-W2,ST HE260A
7949,1590,1672,,ST HE260A
7950,1612,1673,,ST HE260A
8147,547,674,,ST 101.6X4CHS
8148,1548,1678,,ST 101.6X4CHS
8149,547,679,,ST IPE300
8150,1548,1679,,ST IPE300
8151,547,680,,ST 101.6X4CHS
8152,1548,1680,,ST 101.6X4CHS
8153,557,680,,ST IPE300
8154,1558,1680,,ST IPE300
8155,561,680,,ST 101.6X4CHS
8156,1567,1680,,ST 101.6X4CHS
8157,561,681,,ST IPE300
8158,1567,1683,,ST IPE300
8159,561,684,,ST 101.6X4CHS
8160,1567,1684,,ST 101.6X4CHS
8161,570,684,,ST IPE300
8162,1571,1684,,ST IPE300
8163,580,684,,ST 101.6X4CHS
8164,1581,1684,,ST 101.6X4CHS
8165,580,685,,ST IPE300
8166,1581,1685,,ST IPE300
8169,590,686,,ST IPE300
8184,1613,1688,,ST IPE300
8185,668,670,_INTERNAL-CELL _EXTERNAL-W2,ST PIPE OD 0.508 ID 0.496
8186,669,671,_INTERNAL-CELL _EXTERNAL-W2,ST PIPE OD 0.508 ID 0.496
8197,1668,1670,,ST PIPE OD 0.508 ID 0.496
8198,1669,1671,,ST PIPE OD 0.508 ID 0.496
8199,670,672,_INTERNAL-CELL _EXTERNAL-W2,ST PIPE OD 0.508 ID 0.496
8200,671,673,_INTERNAL-CELL _EXTERNAL-W2,ST PIPE OD 0.508 ID 0.496
8211,1670,1672,,ST PIPE OD 0.508 ID 0.496
8212,1671,1673,,ST PIPE OD 0.508 ID 0.496
8213,670,682,_INTERNAL-CELL _EXTERNAL-W2,ST HE220A
8214,671,683,_INTERNAL-CELL _EXTERNAL-W2,ST HE220A
8225,1670,1681,,ST HE220A
8226,1671,1682,,ST HE220A
8227,672,687,_INTERNAL-CELL _EXTERNAL-W2,ST HE260A
8228,673,688,_INTERNAL-CELL _EXTERNAL-W2,ST HE260A
8239,1672,1686,,ST HE260A
8240,1673,1687,,ST HE260A
8241,674,679,,ST UPE160
8242,1678,1679,,ST UPE160
8243,679,680,,ST UPE160
8244,1679,1680,,ST UPE160
8245,680,681,,ST UPE160
8246,1680,1683,,ST UPE160
8247,681,684,,ST UPE160
8248,1683,1684,,ST UPE160
8249,684,685,,ST UPE160
8250,1684,1685,,ST UPE160
8251,685,686,,ST UPE160
8252,1685,1688,,ST UPE160
8281,679,708,,ST IPE300
8282,1679,1708,,ST IPE300
8297,680,709,,ST IPE300
8298,1680,1709,,ST IPE300
8299,681,710,,ST IPE300
8300,682,711,_INTERNAL-CELL _EXTERNAL-W2,ST HE220A
8301,683,712,_INTERNAL-CELL _EXTERNAL-W2,ST HE220A
8312,1681,1710,,ST HE220A
8313,1682,1711,,ST HE220A
8314,1683,1712,,ST IPE300
8315,684,713,,ST IPE300
8316,1684,1713,,ST IPE300
8331,685,714,,ST IPE300
8332,1685,1714,,ST IPE300
8335,686,715,,ST IPE300
8336,687,716,_INTERNAL-CELL _EXTERNAL-W2,ST HE260A
8337,688,717,_INTERNAL-CELL _EXTERNAL-W2,ST HE260A
8348,1686,1715,,ST HE260A
8349,1687,1716,,ST HE260A
8350,1688,1717,,ST IPE300
8351,652,736,_STAB_MOTOR _INTERNAL-CELL _EXTERNAL-W2,ST 139.7X6.3CHS
8352,653,740,_STAB_MOTOR _INTERNAL-CELL _EXTERNAL-W2,ST 139.7X6.3CHS
8363,1652,1735,_STAB_MOTOR,ST 139.7X6.3CHS
8364,1653,1739,_STAB_MOTOR,ST 139.7X6.3CHS
8365,658,736,_STAB_MOTOR _INTERNAL-CELL _EXTERNAL-W2,ST 139.7X6.3CHS
8366,659,740,_STAB_MOTOR _INTERNAL-CELL _EXTERNAL-W2,ST 139.7X6.3CHS
8377,1658,1735,_STAB_MOTOR,ST 139.7X6.3CHS
8378,1659,1739,_STAB_MOTOR,ST 139.7X6.3CHS
8400,703,708,,ST UPE160
8401,1707,1708,,ST UPE160
8402,708,709,,ST UPE160
8403,1708,1709,,ST UPE160
8404,709,710,,ST UPE160
8405,1709,1712,,ST UPE160
8406,710,713,,ST UPE160
8407,1712,1713,,ST UPE160
8408,713,714,,ST UPE160
8409,1713,1714,,ST UPE160
8410,714,715,,ST UPE160
8411,1714,1717,,ST UPE160
8426,708,732,,ST IPE300
8427,1708,1732,,ST IPE300
8428,709,734,,ST IPE300
8429,1709,1734,,ST IPE300
8430,710,735,,ST IPE300
8431,711,736,_INTERNAL-CELL,ST HE220A
8432,712,740,_INTERNAL-CELL,ST HE220A
8443,1710,1735,,ST HE220A
8444,1711,1739,,ST HE220A
8445,1712,1740,,ST IPE300
8446,713,741,,ST IPE300
8447,1713,1741,,ST IPE300
8448,714,743,,ST IPE300
8449,1714,1743,,ST IPE300
8452,715,744,,ST IPE300
8453,716,745,_INTERNAL-CELL,ST HE260A
8456,717,749,_INTERNAL-CELL,ST HE260A
8477,1715,1744,,ST HE260A
8480,1716,1748,,ST HE260A
8481,1717,1749,,ST IPE300
8482,726,732,,ST UPE160
8483,1731,1732,,ST UPE160
8484,729,733,_RAIL _INTERNAL-CELL _EXTERNAL-W2,ST HE200A
8490,1728,1733,_RAIL,ST HE200A
8491,727,736,_INTERNAL-CELL,ST 139.7X5CHS
8492,731,740,_INTERNAL-CELL,ST 139.7X5CHS
8503,1726,1735,,ST 139.7X5CHS
8504,1730,1739,,ST 139.7X5CHS
8505,732,734,,ST UPE160
8506,1732,1734,,ST UPE160
8507,733,738,_RAIL _INTERNAL-CELL _EXTERNAL-W2,ST HE200A
8513,1733,1737,_RAIL,ST HE200A
8514,734,735,,ST UPE160
8515,1734,1740,,ST UPE160
8516,736,737,_INTERNAL-CELL _EXTERNAL-W2,ST HE180A
8517,737,738,_INTERNAL-CELL _EXTERNAL-W2,ST HE180A
8518,738,739,_INTERNAL-CELL _EXTERNAL-W2,ST HE180A
8519,739,740,_INTERNAL-CELL _EXTERNAL-W2,ST HE180A
8540,1735,1736,,ST HE180A
8541,1736,1737,,ST HE180A
8542,1737,1738,,ST HE180A
8543,1738,1739,,ST HE180A
8544,735,741,,ST UPE160
8545,1740,1741,,ST UPE160
8546,738,742,_RAIL _INTERNAL-CELL _EXTERNAL-W2,ST HE200A
8552,1737,1742,_RAIL,ST HE200A
8553,741,743,,ST UPE160
8554,1741,1743,,ST UPE160
8555,736,745,_INTERNAL-CELL,ST 139.7X5CHS
8556,740,749,_INTERNAL-CELL,ST 139.7X5CHS
8567,1735,1744,,ST 139.7X5CHS
8568,1739,1748,,ST 139.7X5CHS
8569,742,747,_RAIL _INTERNAL-CELL _EXTERNAL-W2,ST HE200A
8575,1742,1746,_RAIL,ST HE200A
8576,743,744,,ST UPE160
8577,1743,1749,,ST UPE160
8578,745,746,_INTERNAL-CELL _EXTERNAL-W2,ST HE180A
8579,746,747,_INTERNAL-CELL _EXTERNAL-W2,ST HE180A
8580,747,748,_INTERNAL-CELL _EXTERNAL-W2,ST HE180A
8581,748,749,_INTERNAL-CELL _EXTERNAL-W2,ST HE180A
8602,1744,1745,,ST HE180A
8603,1745,1746,,ST HE180A
8604,1746,1747,,ST HE180A
8605,1747,1748,,ST HE180A
8606,732,761,,ST IPE300
8607,1732,1761,,ST IPE300
8608,734,762,,ST IPE300
8609,1734,1762,,ST IPE300
8610,735,763,,ST IPE300
8611,736,764,_INTERNAL-CELL _EXTERNAL-W2,ST HE220A
8612,740,765,_INTERNAL-CELL _EXTERNAL-W2,ST HE220A
8623,1735,1763,,ST HE220A
8624,1739,1764,,ST HE220A
8625,1740,1765,,ST IPE300
8626,741,766,,ST IPE300
8627,1741,1766,,ST IPE300
8628,743,767,,ST IPE300
8629,1743,1767,,ST IPE300
8632,744,768,,ST IPE300
8633,745,769,_INTERNAL-CELL _EXTERNAL-W2,ST HE260A
8634,749,770,_INTERNAL-CELL _EXTERNAL-W2,ST HE260A
8645,1744,1768,,ST HE260A
8646,1748,1769,,ST HE260A
8647,1749,1770,,ST IPE300
8648,758,761,,ST UPE160
8649,1760,1761,,ST UPE160
8650,761,762,,ST UPE160
8651,1761,1762,,ST UPE160
8652,762,763,,ST UPE160
8653,1762,1765,,ST UPE160
8654,763,766,,ST UPE160
8655,1765,1766,,ST UPE160
8656,766,767,,ST UPE160
8657,1766,1767,,ST UPE160
8658,767,768,,ST UPE160
8659,1767,1770,,ST UPE160
8668,733,797,_INTERNAL-CELL _EXTERNAL-W2,ST 88.9X3.2CHS
8686,1733,1797,,ST 88.9X3.2CHS
8689,742,799,_INTERNAL-CELL _EXTERNAL-W2,ST 88.9X3.2CHS
8707,1742,1799,,ST 88.9X3.2CHS
8709,761,780,,ST IPE300
8710,1761,1780,,ST IPE300
8711,762,781,,ST IPE300
8712,1762,1781,,ST IPE300
8713,763,782,,ST IPE300
8714,764,783,_INTERNAL-CELL _EXTERNAL-W2,ST HE220A
8715,765,784,_INTERNAL-CELL _EXTERNAL-W2,ST HE220A
8726,1763,1782,,ST HE220A
8727,1764,1783,,ST HE220A
8728,1765,1784,,ST IPE300
8729,766,785,,ST IPE300
8730,1766,1785,,ST IPE300
8731,767,786,,ST IPE300
8732,1767,1786,,ST IPE300
8735,768,787,,ST IPE300
8736,769,788,_INTERNAL-CELL _EXTERNAL-W2,ST HE260A
8737,770,789,_INTERNAL-CELL _EXTERNAL-W2,ST HE260A
8748,1768,1787,,ST HE260A
8749,1769,1788,,ST HE260A
8750,1770,1789,,ST IPE300
8751,777,780,,ST UPE160
8752,1779,1780,,ST UPE160
8753,780,781,,ST UPE160
8754,1780,1781,,ST UPE160
8755,781,782,,ST UPE160
8756,1781,1784,,ST UPE160
8757,782,785,,ST UPE160
8758,1784,1785,,ST UPE160
8759,785,786,,ST UPE160
8760,1785,1786,,ST UPE160
8761,786,787,,ST UPE160
8762,1786,1789,,ST UPE160
8770,783,798,_INTERNAL-CELL _EXTERNAL-W2,ST HE220A
8771,784,798,_INTERNAL-CELL _EXTERNAL-W2,ST HE220A
8782,1782,1798,,ST HE220A
8783,1783,1798,,ST HE220A
8784,788,801,_INTERNAL-CELL _EXTERNAL-W2,ST HE260A
8785,789,801,_INTERNAL-CELL _EXTERNAL-W2,ST HE260A
8796,1787,1800,,ST HE260A
8797,1788,1800,,ST HE260A
8798,780,808,,ST IPE300
8799,1780,1808,,ST IPE300
8800,781,809,,ST IPE300
8801,1781,1809,,ST IPE300
8802,782,810,,ST IPE300
8803,1784,1810,,ST IPE300
8804,785,811,,ST IPE300
8805,1785,1811,,ST IPE300
8806,786,812,,ST IPE300
8807,1786,1812,,ST IPE300
8810,787,800,,ST IPE300
8811,1789,1801,,ST IPE300
8812,796,797,_TOP_GIRD _INTERNAL-CELL _EXTERNAL-W2,ST HE280A
8818,1796,1797,_TOP_GIRD,ST HE280A
8819,797,798,_TOP_GIRD _INTERNAL-CELL _EXTERNAL-W2,ST HE280A
8825,1797,1798,_TOP_GIRD,ST HE280A
8826,798,799,_TOP_GIRD _INTERNAL-CELL _EXTERNAL-W2,ST HE280A
8832,1798,1799,_TOP_GIRD,ST HE280A
8833,799,801,_TOP_GIRD _INTERNAL-CELL _EXTERNAL-W2,ST HE280A
8839,1799,1800,_TOP_GIRD,ST HE280A
8840,798,817,_INTERNAL-CELL _EXTERNAL-W2,ST 200X16SHS
8846,1798,1817,,ST 200X16SHS
8847,801,820,_INTERNAL-CELL _EXTERNAL-W2,ST 200X16SHS
8853,1800,1820,,ST 200X16SHS
8854,807,808,,ST UPE160
8855,1807,1808,,ST UPE160
8856,808,809,,ST UPE160
8857,1808,1809,,ST UPE160
8858,809,810,,ST UPE160
8859,1809,1810,,ST UPE160
8860,810,811,,ST UPE160
8861,1810,1811,,ST UPE160
8862,811,812,,ST UPE160
8863,1811,1812,,ST UPE160
8864,812,813,,ST UPE160
8865,1812,1813,,ST UPE160
8866,808,815,,ST 114.3X5CHS
8867,1808,1815,,ST 114.3X5CHS
8868,809,816,,ST 114.3X5CHS
8869,1809,1816,,ST 114.3X5CHS
8870,810,817,,ST 114.3X5CHS
8871,1810,1817,,ST 114.3X5CHS
8872,811,818,,ST 114.3X5CHS
8873,1811,1818,,ST 114.3X5CHS
8874,812,819,,ST 114.3X5CHS
8875,1812,1819,,ST 114.3X5CHS
8878,814,815,_EXTERNAL-W2,ST PIPE OD 2.22 ID 2.2
8884,1814,1815,,ST PIPE OD 2.22 ID 2.2
8885,815,816,_EXTERNAL-W2,ST PIPE OD 2.22 ID 2.2
8891,1815,1816,,ST PIPE OD 2.22 ID 2.2
8892,816,817,_EXTERNAL-W2,ST PIPE OD 2.22 ID 2.2
8898,1816,1817,,ST PIPE OD 2.22 ID 2.2
8899,817,818,_EXTERNAL-W2,ST PIPE OD 2.22 ID 2.2
8905,1817,1818,,ST PIPE OD 2.22 ID 2.2
8906,818,819,_EXTERNAL-W2,ST PIPE OD 2.22 ID 2.2
8912,1818,1819,,ST PIPE OD 2.22 ID 2.2
8913,819,820,_EXTERNAL-W2,ST PIPE OD 2.22 ID 2.2
8919,1819,1820,,ST PIPE OD 2.22 ID 2.2
8920,1537,1544,,ST HE220A
8921,1544,1547,,ST HE220A
8922,1547,1554,,ST HE220A
8923,1554,1557,,ST HE220A
8924,1557,1560,,ST HE220A
8925,1560,1566,,ST HE220A
8926,1566,1569,,ST HE220A
8927,1569,1570,,ST HE220A
8928,1570,1575,,ST HE220A
8929,1575,1580,,ST HE220A
8930,1580,1585,,ST HE220A
8931,1585,1612,,ST HE220A
8947,1559,1555,,ST IPE240
8948,1561,1562,,ST IPE180
8949,1568,1572,,ST IPE240
8982,592,593,_INTERNAL-CELL _EXTERNAL-W2,ST HE280A
8983,594,595,_INTERNAL-CELL _EXTERNAL-W2,ST HE280A
8984,595,596,_INTERNAL-CELL _EXTERNAL-W2,ST HE280A
8985,597,598,_INTERNAL-CELL _EXTERNAL-W2,ST HE280A
8986,598,599,_INTERNAL-CELL _EXTERNAL-W2,ST HE280A
8987,606,607,_INTERNAL-CELL _EXTERNAL-W2,ST HE280A
8988,607,608,_INTERNAL-CELL _EXTERNAL-W2,ST HE280A
8989,609,610,_INTERNAL-CELL _EXTERNAL-W2,ST HE280A
8990,610,611,_INTERNAL-CELL _EXTERNAL-W2,ST HE280A
8991,612,613,_INTERNAL-CELL _EXTERNAL-W2,ST HE280A
9042,1591,1592,,ST HE280A
9043,1593,1594,,ST HE280A
9044,1594,1595,,ST HE280A
9045,1596,1597,,ST HE280A
9046,1597,1598,,ST HE280A
9047,1605,1606,,ST HE280A
9048,1606,1607,,ST HE280A
9049,1608,1609,,ST HE280A
9050,1609,1610,,ST HE280A
9051,1611,1612,,ST HE280A
9052,800,813,,ST IPE300
9053,1801,1813,,ST IPE300
9054,523,621,_EXTERNAL-W2,ST IPE180
9055,524,634,_EXTERNAL-W2,ST IPE180
9060,1523,1620,,ST IPE180
9061,1524,1633,,ST IPE180
9062,620,621,,ST IPE360
9063,621,622,_EXTERNAL-W2,ST IPE360
9064,622,623,_EXTERNAL-W2,ST IPE360
9065,623,624,_EXTERNAL-W2,ST IPE360
9066,624,625,_EXTERNAL-W2,ST IPE360
9067,625,626,_EXTERNAL-W2,ST IPE360
9068,626,627,_EXTERNAL-W2,ST IPE360
9069,627,628,_EXTERNAL-W2,ST IPE360
9070,628,629,_EXTERNAL-W2,ST IPE360
9071,629,630,_EXTERNAL-W2,ST IPE360
9072,630,631,_EXTERNAL-W2,ST IPE360
9073,631,632,_EXTERNAL-W2,ST IPE360
9074,632,633,_EXTERNAL-W2,ST IPE360
9075,633,634,_EXTERNAL-W2,ST IPE360
9141,1620,1621,,ST IPE360
9142,1621,1622,,ST IPE360
9143,1622,1623,,ST IPE360
9144,1623,1624,,ST IPE360
9145,1624,1625,,ST IPE360
9146,1625,1626,,ST IPE360
9147,1626,1627,,ST IPE360
9148,1627,1628,,ST IPE360
9149,1628,1629,,ST IPE360
9150,1629,1630,,ST IPE360
9151,1631,1630,,ST IPE360
9152,1632,1631,,ST IPE360
9153,1633,1632,,ST IPE360
9154,1634,1633,,ST IPE360
9155,620,614,,ST IPE220
9156,621,615,,ST IPE360
9157,624,616,_EXTERNAL-W2,ST IPE180
9158,627,617,_EXTERNAL-W2,ST IPE180
9159,628,618,_EXTERNAL-W2,ST IPE180
9160,631,619,_EXTERNAL-W2,ST IPE180
9181,1623,1614,,ST IPE180
9182,1626,1615,,ST IPE180
9183,1627,1616,,ST IPE180
9184,1630,1617,,ST IPE180
9185,1633,1618,,ST IPE360
9186,1634,1619,,ST IPE220
9187,620,591,,ST IPE200
9188,622,592,_EXTERNAL-W2,ST IPE180
9189,623,594,_EXTERNAL-W2,ST IPE180
9190,625,597,_EXTERNAL-W2,ST IPE180
9191,626,598,_EXTERNAL-W2,ST IPE180
9192,629,606,_EXTERNAL-W2,ST IPE180
9193,630,607,_EXTERNAL-W2,ST IPE180
9194,632,610,_EXTERNAL-W2,ST IPE180
9195,633,612,_EXTERNAL-W2,ST IPE180
9196,634,613,_EXTERNAL-W2,ST IPE360
9241,1620,1590,,ST IPE360
9242,1621,1591,,ST IPE180
9243,1622,1593,,ST IPE180
9244,1624,1596,,ST IPE180
9245,1625,1597,,ST IPE180
9246,1628,1605,,ST IPE180
9247,1629,1606,,ST IPE180
9248,1631,1609,,ST IPE180
9249,1632,1611,,ST IPE180
9250,1634,1612,,ST IPE200
9251,614,590,,ST IPE220
9252,615,591,,ST IPE360
9253,616,595,_EXTERNAL-W2,ST IPE200
9254,617,601,_EXTERNAL-W2,ST IPE200
9255,618,603,_EXTERNAL-W2,ST IPE200
9256,619,609,_EXTERNAL-W2,ST IPE200
9277,1614,1594,,ST IPE200
9278,1615,1600,,ST IPE200
9279,1616,1602,,ST IPE200
9280,1617,1608,,ST IPE200
9281,1618,1612,,ST IPE360
9282,1619,1613,,ST IPE220
9283,614,689,,ST UPE160
9284,615,690,,ST UPE160
9285,616,692,_EXTERNAL-W2,ST IPE200
9286,617,693,_EXTERNAL-W2,ST UPE160
9287,618,694,_EXTERNAL-W2,ST UPE160
9288,619,695,_EXTERNAL-W2,ST IPE200
9309,1614,1692,,ST IPE200
9310,1615,1693,,ST UPE160
9311,1616,1694,,ST UPE160
9312,1617,1695,,ST IPE200
9313,1618,1697,,ST UPE160
9314,1619,1698,,ST UPE160
9315,689,690,,ST IPE200
9316,690,691,,ST IPE200
9317,691,692,_EXTERNAL-W2,ST IPE200
9318,692,693,_EXTERNAL-W2,ST IPE200
9319,694,695,_EXTERNAL-W2,ST IPE200
9320,695,696,_EXTERNAL-W2,ST IPE200
9321,696,697,_WINDWALL2,ST IPE200
9322,697,698,,ST IPE200
9357,1689,1690,_WINDWALL1,ST IPE200
9358,1690,1691,_WINDWALL1,ST IPE200
9359,1691,1692,,ST IPE200
9360,1692,1693,,ST IPE200
9361,1694,1695,,ST IPE200
9362,1696,1695,,ST IPE200
9363,1697,1696,,ST IPE200
9364,1698,1697,,ST IPE200
9365,689,686,,ST IPE200
9366,691,687,,ST IPE200
9367,696,688,,ST IPE200
9378,1691,1686,,ST IPE200
9379,1696,1687,,ST IPE200
9380,1698,1688,,ST IPE200
9381,693,701,_EXTERNAL-W2,ST UPE160
9382,694,702,_EXTERNAL-W2,ST UPE160
9393,1693,1701,,ST UPE160
9394,1694,1702,,ST UPE160
9395,692,720,_EXTERNAL-W2,ST IPE200
9396,695,723,_EXTERNAL-W2,ST IPE200
9397,697,725,_WINDWALL2,ST UPE160
9418,1690,1718,_WINDWALL1,ST UPE160
9419,1692,1720,,ST IPE200
9420,1695,1723,,ST IPE200
9421,701,702,_EXTERNAL-W2,ST UPE160
9427,1701,1702,,ST UPE160
9428,701,721,_EXTERNAL-W2,ST UPE160
9429,702,722,_EXTERNAL-W2,ST UPE160
9440,1701,1721,,ST UPE160
9441,1702,1722,,ST UPE160
9442,718,719,,ST IPE200
9443,719,720,,ST IPE200
9444,720,721,_EXTERNAL-W2,ST IPE200
9445,722,723,_EXTERNAL-W2,ST IPE200
9446,723,724,,ST IPE200
9447,724,725,_WINDWALL2,ST IPE200
9478,1718,1719,_WINDWALL1,ST IPE200
9479,1719,1720,,ST IPE200
9480,1720,1721,,ST IPE200
9481,1722,1723,,ST IPE200
9482,1724,1723,,ST IPE200
9483,1725,1724,,ST IPE200
9484,718,715,,ST IPE200
9485,719,716,,ST IPE200
9486,724,717,,ST IPE200
9497,1719,1715,,ST IPE200
9498,1724,1716,,ST IPE200
9499,1725,1717,,ST IPE200
9500,720,751,,ST IPE200
9501,721,752,_EXTERNAL-W2,ST UPE160
9502,722,753,_EXTERNAL-W2,ST UPE160
9503,723,754,,ST IPE200
9504,725,755,,ST UPE160
9535,1718,1751,_WINDWALL1,ST UPE160
9536,1720,1752,,ST IPE200
9537,1721,1753,,ST UPE160
9538,1722,1754,,ST UPE160
9539,1723,1755,,ST IPE200
9540,750,751,,ST IPE200
9541,751,752,_EXTERNAL-W2,ST IPE200
9542,752,753,_EXTERNAL-W2,ST IPE200
9543,753,754,_EXTERNAL-W2,ST IPE200
9544,754,755,_WINDWALL2,ST IPE200
9545,755,756,,ST IPE200
9575,1750,1751,_WINDWALL1,ST IPE200
9576,1751,1752,_WINDWALL1,ST IPE200
9577,1752,1753,,ST IPE200
9578,1753,1754,,ST IPE200
9579,1754,1755,,ST IPE200
9580,1756,1755,,ST IPE200
9581,750,744,,ST IPE200
9582,751,745,,ST IPE200
9583,752,746,_EXTERNAL-W2,ST IPE180
9584,753,748,_EXTERNAL-W2,ST IPE180
9585,754,749,,ST IPE200
9606,1752,1744,,ST IPE200
9607,1753,1745,,ST IPE180
9608,1754,1747,,ST IPE180
9609,1755,1748,,ST IPE200
9610,1756,1749,,ST IPE200
9611,751,772,_EXTERNAL-W2,ST IPE200
9612,754,775,_EXTERNAL-W2,ST IPE200
9623,1752,1772,,ST IPE200
9624,1755,1775,,ST IPE200
9625,771,772,,ST IPE200
9626,772,773,_EXTERNAL-W2,ST IPE200
9627,773,774,_EXTERNAL-W2,ST IPE200
9628,774,775,_EXTERNAL-W2,ST IPE200
9629,775,776,,ST IPE270
9649,1771,1772,_WINDWALL1,ST IPE270
9650,1772,1773,,ST IPE200
9651,1773,1774,,ST IPE200
9652,1774,1775,,ST IPE200
9653,1776,1775,,ST IPE200
9654,771,768,,ST IPE200
9655,773,769,,ST IPE200
9656,774,770,,ST IPE200
9667,1773,1768,,ST IPE200
9668,1774,1769,,ST IPE200
9669,1776,1770,,ST IPE200
9670,772,791,_EXTERNAL-W2,ST IPE200
9671,775,794,_EXTERNAL-W2,ST IPE200
9682,1772,1791,,ST IPE200
9683,1775,1794,,ST IPE200
9684,790,791,,ST IPE200
9685,791,792,_EXTERNAL-W2,ST IPE200
9686,792,793,_EXTERNAL-W2,ST IPE200
9687,793,794,_EXTERNAL-W2,ST IPE200
9688,794,795,,ST IPE270
9708,1790,1791,_WINDWALL1,ST IPE270
9709,1791,1792,,ST IPE200
9710,1792,1793,,ST IPE200
9711,1793,1794,,ST IPE200
9712,1795,1794,,ST IPE200
9713,790,787,,ST IPE200
9714,792,788,_EXTERNAL-W2,ST IPE200
9715,793,789,_EXTERNAL-W2,ST IPE200
9726,1792,1787,,ST IPE200
9727,1793,1788,,ST IPE200
9728,1795,1789,,ST IPE200
9729,791,803,,ST IPE200
9730,794,805,,ST IPE200
9741,1791,1803,,ST IPE200
9742,1794,1805,,ST IPE200
9743,802,803,,ST IPE300
9744,803,804,_EXTERNAL-W2,ST IPE300
9745,804,805,_EXTERNAL-W2,ST IPE300
9746,805,806,,ST IPE300
9761,1802,1803,_WINDWALL1,ST IPE300
9762,1803,1804,,ST IPE300
9763,1804,1805,,ST IPE300
9764,1806,1805,,ST IPE300
9765,802,800,,ST IPE300
9766,804,801,_EXTERNAL-W2,ST IPE300
9772,1804,1800,,ST IPE300
9773,1806,1801,,ST IPE300
9774,747,757,_RAIL _EXTERNAL-W2,ST HE200A
9780,1746,1757,_RAIL,ST HE200A
9781,757,769,_EXTERNAL-W2,ST 101.6X4CHS
9782,757,770,_EXTERNAL-W2,ST 101.6X4CHS
9793,1757,1768,,ST 101.6X4CHS
9794,1757,1769,,ST 101.6X4CHS
9795,21,74,_EXTERNAL-LL _EXTERNAL-W1,ST IPE180
9796,22,75,_EXTERNAL-LL _EXTERNAL-W1,ST IPE180
9801,1021,1074,_EXTERNAL-LR,ST IPE180
9802,1022,1075,_EXTERNAL-LR,ST IPE180
9803,523,584,_INTERNAL-CELL _EXTERNAL-W2,ST IPE180
9804,524,585,_INTERNAL-CELL _EXTERNAL-W2,ST IPE180
9809,1523,1584,,ST IPE180
9810,1524,1585,,ST IPE180
9811,123,172,_EXTERNAL-LL _EXTERNAL-W1,ST IPE180
9812,133,173,_EXTERNAL-LL _EXTERNAL-W1,ST IPE180
9823,1122,1172,_EXTERNAL-LR,ST IPE180
9824,1132,1173,_EXTERNAL-LR,ST IPE180
9827,527,668,_INTERNAL-CELL _EXTERNAL-W2,ST IPE180
9828,537,669,_INTERNAL-CELL _EXTERNAL-W2,ST IPE180
9829,593,672,_INTERNAL-CELL _EXTERNAL-W2,ST IPE180
9830,611,673,_INTERNAL-CELL _EXTERNAL-W2,ST IPE180
9831,49,168,_EXTERNAL-W1,ST IPE180
9832,67,169,_EXTERNAL-W1,ST IPE180
9865,1592,1672,,ST IPE180
9866,1610,1673,,ST IPE180
9867,1048,1168,,ST IPE180
9868,1066,1169,,ST IPE180
9879,1526,1668,,ST IPE180
9880,1536,1669,,ST IPE180
9881,150,152,_MOTOR_BRIDGE _EXTERNAL-LL _EXTERNAL-W1,ST IPE450
9882,151,153,_MOTOR_BRIDGE _EXTERNAL-LL _EXTERNAL-W1,ST IPE450
9883,150,151,_MOTOR_BRIDGE _EXTERNAL-LL _EXTERNAL-W1,ST IPE180
9884,150,153,_MOTOR_BRIDGE _EXTERNAL-LL _EXTERNAL-W1,ST 114.3X5CHS
9885,160,162,_MOTOR_BRIDGE _EXTERNAL-LL _EXTERNAL-W1,ST IPE450
9886,161,163,_MOTOR_BRIDGE _EXTERNAL-LL _EXTERNAL-W1,ST IPE450
9887,159,160,_MOTOR_BRIDGE _EXTERNAL-LL _EXTERNAL-W1,ST 114.3X5CHS
9888,160,161,_MOTOR_BRIDGE _EXTERNAL-LL _EXTERNAL-W1,ST IPE180
9889,530,644,_MOTOR_BRIDGE _INTERNAL-CELL _EXTERNAL-W2,ST HE200A
9890,534,645,_MOTOR_BRIDGE _INTERNAL-CELL _EXTERNAL-W2,ST HE200A
9891,600,666,_MOTOR_BRIDGE _INTERNAL-CELL _EXTERNAL-W2,ST HE200A
9892,604,667,_MOTOR_BRIDGE _INTERNAL-CELL _EXTERNAL-W2,ST HE200A
9893,635,636,_MOTOR_BRIDGE _INTERNAL-CELL _EXTERNAL-W2,ST L200X200X20
9894,636,637,_MOTOR_BRIDGE _INTERNAL-CELL _EXTERNAL-W2,ST L200X200X20
9895,637,638,_MOTOR_BRIDGE _INTERNAL-CELL _EXTERNAL-W2,ST L200X200X20
9896,636,639,_MOTOR_BRIDGE _INTERNAL-CELL _EXTERNAL-W2,ST IPE270
9897,639,637,_MOTOR_BRIDGE _INTERNAL-CELL _EXTERNAL-W2,ST IPE270
9898,636,641,_MOTOR_BRIDGE _INTERNAL-CELL _EXTERNAL-W2,ST IPE270
9899,637,642,_MOTOR_BRIDGE _INTERNAL-CELL _EXTERNAL-W2,ST IPE270
9900,641,639,_MOTOR_BRIDGE _INTERNAL-CELL _EXTERNAL-W2,ST IPE270
9901,639,642,_MOTOR_BRIDGE _INTERNAL-CELL _EXTERNAL-W2,ST IPE270
9902,640,641,_MOTOR_BRIDGE _INTERNAL-CELL _EXTERNAL-W2,ST L200X200X20
9903,641,642,_MOTOR_BRIDGE _INTERNAL-CELL _EXTERNAL-W2,ST L200X200X20
9904,642,643,_MOTOR_BRIDGE _INTERNAL-CELL _EXTERNAL-W2,ST L200X200X20
9905,654,635,_MOTOR_BRIDGE _INTERNAL-CELL _EXTERNAL-W2,ST HE200A
9906,655,638,_MOTOR_BRIDGE _INTERNAL-CELL _EXTERNAL-W2,ST HE200A
9907,656,640,_MOTOR_BRIDGE _INTERNAL-CELL _EXTERNAL-W2,ST HE200A
9908,657,643,_MOTOR_BRIDGE _INTERNAL-CELL _EXTERNAL-W2,ST HE200A
9909,644,646,_MOTOR_BRIDGE _INTERNAL-CELL _EXTERNAL-W2,ST IPE450
9910,645,647,_MOTOR_BRIDGE _INTERNAL-CELL _EXTERNAL-W2,ST IPE450
9911,646,647,_MOTOR_BRIDGE _INTERNAL-CELL _EXTERNAL-W2,ST IPE180
9912,646,648,_MOTOR_BRIDGE _INTERNAL-CELL _EXTERNAL-W2,ST IPE450
9913,646,649,_MOTOR_BRIDGE _INTERNAL-CELL _EXTERNAL-W2,ST 114.3X5CHS
9914,647,649,_MOTOR_BRIDGE _INTERNAL-CELL _EXTERNAL-W2,ST IPE450
9915,648,649,_MOTOR_BRIDGE _INTERNAL-CELL _EXTERNAL-W2,ST IPE180
9916,648,650,_MOTOR_BRIDGE _INTERNAL-CELL _EXTERNAL-W2,ST IPE450
9917,649,650,_MOTOR_BRIDGE _INTERNAL-CELL _EXTERNAL-W2,ST 114.3X5CHS
9918,649,651,_MOTOR_BRIDGE _INTERNAL-CELL _EXTERNAL-W2,ST IPE450
9919,652,653,_MOTOR_BRIDGE _INTERNAL-CELL _EXTERNAL-W2,ST IPE180
9920,652,654,_MOTOR_BRIDGE _INTERNAL-CELL _EXTERNAL-W2,ST IPE450
9921,653,655,_MOTOR_BRIDGE _INTERNAL-CELL _EXTERNAL-W2,ST IPE450
9922,654,656,_MOTOR_BRIDGE _INTERNAL-CELL _EXTERNAL-W2,ST IPE450
9923,655,657,_MOTOR_BRIDGE _INTERNAL-CELL _EXTERNAL-W2,ST IPE450
9924,656,658,_MOTOR_BRIDGE _INTERNAL-CELL _EXTERNAL-W2,ST IPE450
9925,657,659,_MOTOR_BRIDGE _INTERNAL-CELL _EXTERNAL-W2,ST IPE450
9926,658,659,_MOTOR_BRIDGE _INTERNAL-CELL _EXTERNAL-W2,ST IPE180
9927,658,660,_MOTOR_BRIDGE _INTERNAL-CELL _EXTERNAL-W2,ST IPE450
9928,660,663,_MOTOR_BRIDGE _INTERNAL-CELL _EXTERNAL-W2,ST 114.3X5CHS
9929,659,661,_MOTOR_BRIDGE _INTERNAL-CELL _EXTERNAL-W2,ST IPE450
9930,662,663,_MOTOR_BRIDGE _INTERNAL-CELL _EXTERNAL-W2,ST IPE180
9931,662,664,_MOTOR_BRIDGE _INTERNAL-CELL _EXTERNAL-W2,ST IPE450
9932,663,664,_MOTOR_BRIDGE _INTERNAL-CELL _EXTERNAL-W2,ST 114.3X5CHS
9933,663,665,_MOTOR_BRIDGE _INTERNAL-CELL _EXTERNAL-W2,ST IPE450
9934,664,665,_MOTOR_BRIDGE _INTERNAL-CELL _EXTERNAL-W2,ST IPE180
9935,664,666,_MOTOR_BRIDGE _INTERNAL-CELL _EXTERNAL-W2,ST IPE450
9936,665,667,_MOTOR_BRIDGE _INTERNAL-CELL _EXTERNAL-W2,ST IPE450
9937,650,652,_MOTOR_BRIDGE _INTERNAL-CELL _EXTERNAL-W2,ST IPE450
9938,651,653,_MOTOR_BRIDGE _INTERNAL-CELL _EXTERNAL-W2,ST IPE450
9939,650,651,_MOTOR_BRIDGE _INTERNAL-CELL _EXTERNAL-W2,ST IPE180
9940,650,653,_MOTOR_BRIDGE _INTERNAL-CELL _EXTERNAL-W2,ST 114.3X5CHS
9941,660,662,_MOTOR_BRIDGE _INTERNAL-CELL _EXTERNAL-W2,ST IPE450
9942,661,663,_MOTOR_BRIDGE _INTERNAL-CELL _EXTERNAL-W2,ST IPE450
9943,659,660,_MOTOR_BRIDGE _INTERNAL-CELL _EXTERNAL-W2,ST 114.3X5CHS
9944,660,661,_MOTOR_BRIDGE _INTERNAL-CELL _EXTERNAL-W2,ST IPE180
9945,1055,1144,_MOTOR_BRIDGE,ST HE200A
9946,1059,1145,_MOTOR_BRIDGE,ST HE200A
9947,1125,1166,_MOTOR_BRIDGE _EXTERNAL-LR,ST HE200A
9948,1129,1167,_MOTOR_BRIDGE _EXTERNAL-LR,ST HE200A
9949,1135,1136,_MOTOR_BRIDGE _EXTERNAL-LR,ST L200X200X20
9950,1136,1137,_MOTOR_BRIDGE _EXTERNAL-LR,ST L200X200X20
9951,1137,1138,_MOTOR_BRIDGE _EXTERNAL-LR,ST L200X200X20
9952,1136,1139,_MOTOR_BRIDGE _EXTERNAL-LR,ST IPE270
9953,1139,1137,_MOTOR_BRIDGE _EXTERNAL-LR,ST IPE270
9954,1136,1141,_MOTOR_BRIDGE _EXTERNAL-LR,ST IPE270
9955,1137,1142,_MOTOR_BRIDGE _EXTERNAL-LR,ST IPE270
9956,1141,1139,_MOTOR_BRIDGE _EXTERNAL-LR,ST IPE270
9957,1139,1142,_MOTOR_BRIDGE _EXTERNAL-LR,ST IPE270
9958,1140,1141,_MOTOR_BRIDGE _EXTERNAL-LR,ST L200X200X20
9959,1141,1142,_MOTOR_BRIDGE _EXTERNAL-LR,ST L200X200X20
9960,1142,1143,_MOTOR_BRIDGE _EXTERNAL-LR,ST L200X200X20
9961,1154,1135,_MOTOR_BRIDGE _EXTERNAL-LR,ST HE200A
9962,1155,1138,_MOTOR_BRIDGE _EXTERNAL-LR,ST HE200A
9963,1156,1140,_MOTOR_BRIDGE _EXTERNAL-LR,ST HE200A
9964,1157,1143,_MOTOR_BRIDGE _EXTERNAL-LR,ST HE200A
9965,1144,1146,_MOTOR_BRIDGE _EXTERNAL-LR,ST IPE450
9966,1145,1147,_MOTOR_BRIDGE _EXTERNAL-LR,ST IPE450
9967,1146,1147,_MOTOR_BRIDGE _EXTERNAL-LR,ST IPE180
9968,1146,1148,_MOTOR_BRIDGE _EXTERNAL-LR,ST IPE450
9969,1146,1149,_MOTOR_BRIDGE _EXTERNAL-LR,ST 114.3X5CHS
9970,1147,1149,_MOTOR_BRIDGE _EXTERNAL-LR,ST IPE450
9971,1148,1149,_MOTOR_BRIDGE _EXTERNAL-LR,ST IPE180
9972,1148,1150,_MOTOR_BRIDGE _EXTERNAL-LR,ST IPE450
9973,1149,1150,_MOTOR_BRIDGE _EXTERNAL-LR,ST 114.3X5CHS
9974,1149,1151,_MOTOR_BRIDGE _EXTERNAL-LR,ST IPE450
9975,1152,1153,_MOTOR_BRIDGE _EXTERNAL-LR,ST IPE180
9976,1152,1154,_MOTOR_BRIDGE _EXTERNAL-LR,ST IPE450
9977,1153,1155,_MOTOR_BRIDGE _EXTERNAL-LR,ST IPE450
9978,1154,1156,_MOTOR_BRIDGE _EXTERNAL-LR,ST IPE450
9979,1155,1157,_MOTOR_BRIDGE _EXTERNAL-LR,ST IPE450
9980,1156,1158,_MOTOR_BRIDGE _EXTERNAL-LR,ST IPE450
9981,1157,1159,_MOTOR_BRIDGE _EXTERNAL-LR,ST IPE450
9982,1158,1159,_MOTOR_BRIDGE _EXTERNAL-LR,ST IPE180
9983,1158,1160,_MOTOR_BRIDGE _EXTERNAL-LR,ST IPE450
9984,1160,1163,_MOTOR_BRIDGE _EXTERNAL-LR,ST 114.3X5CHS
9985,1159,1161,_MOTOR_BRIDGE _EXTERNAL-LR,ST IPE450
9986,1162,1163,_MOTOR_BRIDGE _EXTERNAL-LR,ST IPE180
9987,1162,1164,_MOTOR_BRIDGE _EXTERNAL-LR,ST IPE450
9988,1163,1164,_MOTOR_BRIDGE _EXTERNAL-LR,ST 114.3X5CHS
9989,1163,1165,_MOTOR_BRIDGE _EXTERNAL-LR,ST IPE450
9990,1164,1165,_MOTOR_BRIDGE _EXTERNAL-LR,ST IPE180
9991,1164,1166,_MOTOR_BRIDGE _EXTERNAL-LR,ST IPE450
9992,1165,1167,_MOTOR_BRIDGE _EXTERNAL-LR,ST IPE450
9993,1150,1152,_MOTOR_BRIDGE _EXTERNAL-LR,ST IPE450
9994,1151,1153,_MOTOR_BRIDGE _EXTERNAL-LR,ST IPE450
9995,1150,1151,_MOTOR_BRIDGE _EXTERNAL-LR,ST IPE180
9996,1150,1153,_MOTOR_BRIDGE _EXTERNAL-LR,ST 114.3X5CHS
9997,1160,1162,_MOTOR_BRIDGE _EXTERNAL-LR,ST IPE450
9998,1161,1163,_MOTOR_BRIDGE _EXTERNAL-LR,ST IPE450
9999,1159,1160,_MOTOR_BRIDGE _EXTERNAL-LR,ST 114.3X5CHS
10000,1160,1161,_MOTOR_BRIDGE _EXTERNAL-LR,ST IPE180
10001,1529,1644,_MOTOR_BRIDGE,ST HE200A
10002,1533,1645,_MOTOR_BRIDGE,ST HE200A
10003,1599,1666,_MOTOR_BRIDGE,ST HE200A
10004,1603,1667,_MOTOR_BRIDGE,ST HE200A
10005,1635,1636,_MOTOR_BRIDGE,ST L200X200X20
10006,1636,1637,_MOTOR_BRIDGE,ST L200X200X20
10007,1637,1638,_MOTOR_BRIDGE,ST L200X200X20
10008,1636,1639,_MOTOR_BRIDGE,ST IPE270
10009,1639,1637,_MOTOR_BRIDGE,ST IPE270
10010,1636,1641,_MOTOR_BRIDGE,ST IPE270
10011,1637,1642,_MOTOR_BRIDGE,ST IPE270
10012,1641,1639,_MOTOR_BRIDGE,ST IPE270
10013,1639,1642,_MOTOR_BRIDGE,ST IPE270
10014,1640,1641,_MOTOR_BRIDGE,ST L200X200X20
10015,1641,1642,_MOTOR_BRIDGE,ST L200X200X20
10016,1642,1643,_MOTOR_BRIDGE,ST L200X200X20
10017,1654,1635,_MOTOR_BRIDGE,ST HE200A
10018,1655,1638,_MOTOR_BRIDGE,ST HE200A
10019,1656,1640,_MOTOR_BRIDGE,ST HE200A
10020,1657,1643,_MOTOR_BRIDGE,ST HE200A
10021,1644,1646,_MOTOR_BRIDGE,ST IPE450
10022,1645,1647,_MOTOR_BRIDGE,ST IPE450
10023,1646,1647,_MOTOR_BRIDGE,ST IPE180
10024,1646,1648,_MOTOR_BRIDGE,ST IPE450
10025,1646,1649,_MOTOR_BRIDGE,ST 114.3X5CHS
10026,1647,1649,_MOTOR_BRIDGE,ST IPE450
10027,1648,1649,_MOTOR_BRIDGE,ST IPE180
10028,1648,1650,_MOTOR_BRIDGE,ST IPE450
10029,1649,1650,_MOTOR_BRIDGE,ST 114.3X5CHS
10030,1649,1651,_MOTOR_BRIDGE,ST IPE450
10031,1652,1653,_MOTOR_BRIDGE,ST IPE180
10032,1652,1654,_MOTOR_BRIDGE,ST IPE450
10033,1653,1655,_MOTOR_BRIDGE,ST IPE450
10034,1654,1656,_MOTOR_BRIDGE,ST IPE450
10035,1655,1657,_MOTOR_BRIDGE,ST IPE450
10036,1656,1658,_MOTOR_BRIDGE,ST IPE450
10037,1657,1659,_MOTOR_BRIDGE,ST IPE450
10038,1658,1659,_MOTOR_BRIDGE,ST IPE180
10039,1658,1660,_MOTOR_BRIDGE,ST IPE450
10040,1660,1663,_MOTOR_BRIDGE,ST 114.3X5CHS
10041,1659,1661,_MOTOR_BRIDGE,ST IPE450
10042,1662,1663,_MOTOR_BRIDGE,ST IPE180
10043,1662,1664,_MOTOR_BRIDGE,ST IPE450
10044,1663,1664,_MOTOR_BRIDGE,ST 114.3X5CHS
10045,1663,1665,_MOTOR_BRIDGE,ST IPE450
10046,1664,1665,_MOTOR_BRIDGE,ST IPE180
10047,1664,1666,_MOTOR_BRIDGE,ST IPE450
10048,1665,1667,_MOTOR_BRIDGE,ST IPE450
10049,1650,1652,_MOTOR_BRIDGE,ST IPE450
10050,1651,1653,_MOTOR_BRIDGE,ST IPE450
10051,1650,1651,_MOTOR_BRIDGE,ST IPE180
10052,1650,1653,_MOTOR_BRIDGE,ST 114.3X5CHS
10053,1660,1662,_MOTOR_BRIDGE,ST IPE450
10054,1661,1663,_MOTOR_BRIDGE,ST IPE450
10055,1659,1660,_MOTOR_BRIDGE,ST 114.3X5CHS
10056,1660,1661,_MOTOR_BRIDGE,ST IPE180
10057,580,686,,ST 101.6X4CHS
10058,1581,1688,,ST 101.6X4CHS
10059,1501,1506,,ST 273X6.3CHS
10060,1506,1502,,ST 273X6.3CHS
10061,1505,1514,,ST 273X6.3CHS
10062,1514,1507,,ST 273X6.3CHS
10063,1,6,_EXTERNAL-W1,ST 273X6.3CHS
10064,6,2,_EXTERNAL-W1,ST 273X6.3CHS
10065,5,14,_EXTERNAL-W1,ST 273X6.3CHS
10066,14,7,_EXTERNAL-W1,ST 273X6.3CHS
10067,3,11,_EXTERNAL-LL _EXTERNAL-W1,ST 273X6.3CHS
10068,11,4,_EXTERNAL-LL _EXTERNAL-W1,ST 273X6.3CHS
10069,10,19,_EXTERNAL-LL _EXTERNAL-W1,ST 273X6.3CHS
10070,19,12,_EXTERNAL-LL _EXTERNAL-W1,ST 273X6.3CHS
10071,1503,1511,,ST 273X6.3CHS
10072,1511,1504,,ST 273X6.3CHS
10073,1510,1519,,ST 273X6.3CHS
10074,1519,1512,,ST 273X6.3CHS
10075,510,519,_INTERNAL-CELL _EXTERNAL-W2,ST 273X6.3CHS
10076,519,512,_INTERNAL-CELL _EXTERNAL-W2,ST 273X6.3CHS
10077,503,511,_INTERNAL-CELL _EXTERNAL-W2,ST 273X6.3CHS
10078,511,504,_INTERNAL-CELL _EXTERNAL-W2,ST 273X6.3CHS
10079,501,506,_INTERNAL-CELL _EXTERNAL-W2,ST 273X6.3CHS
10080,506,502,_INTERNAL-CELL _EXTERNAL-W2,ST 273X6.3CHS
10081,505,514,_INTERNAL-CELL _EXTERNAL-W2,ST 273X6.3CHS
10082,514,507,_INTERNAL-CELL _EXTERNAL-W2,ST 273X6.3CHS
10083,1005,1014,,ST 273X6.3CHS
10084,1014,1007,,ST 273X6.3CHS
10085,1001,1006,,ST 273X6.3CHS
10086,1006,1002,,ST 273X6.3CHS
10087,1003,1011,_EXTERNAL-LR,ST 273X6.3CHS
10088,1011,1004,_EXTERNAL-LR,ST 273X6.3CHS
10089,1010,1019,_EXTERNAL-LR,ST 273X6.3CHS
10090,1019,1012,_EXTERNAL-LR,ST 273X6.3CHS
10091,501,508,_INTERNAL-CELL _EXTERNAL-W2,ST 244.5X6.3CHS
10092,508,503,_INTERNAL-CELL _EXTERNAL-W2,ST 244.5X6.3CHS
10093,502,509,_INTERNAL-CELL _EXTERNAL-W2,ST 244.5X6.3CHS
10094,509,504,_INTERNAL-CELL _EXTERNAL-W2,ST 244.5X6.3CHS
10095,507,517,_INTERNAL-CELL _EXTERNAL-W2,ST 244.5X6.3CHS
10096,517,512,_INTERNAL-CELL _EXTERNAL-W2,ST 244.5X6.3CHS
10097,505,516,_INTERNAL-CELL _EXTERNAL-W2,ST 244.5X6.3CHS
10098,516,510,_INTERNAL-CELL _EXTERNAL-W2,ST 244.5X6.3CHS
10099,1507,1517,,ST 244.5X6.3CHS
10100,1505,1516,,ST 244.5X6.3CHS
10101,1517,1512,,ST 244.5X6.3CHS
10102,1516,1510,,ST 244.5X6.3CHS
10103,1501,1508,,ST 244.5X6.3CHS
10104,1508,1503,,ST 244.5X6.3CHS
10105,1502,1509,,ST 244.5X6.3CHS
10106,1509,1504,,ST 244.5X6.3CHS
